name,type,releaseDate
ELEVEN,アルバム（韓国盤）,2021-12-01
LOVE DIVE,アルバム（韓国盤）,2022-04-05
After LIKE,アルバム（韓国盤）,2022-08-22
I've IVE,アルバム（韓国盤）,2023-04-10
I've MINE,アルバム（韓国盤）,2023-10-13
IVE SWITCH,アルバム（韓国盤）,2024-04-29
IVE EMPATHY,アルバム（韓国盤）,2025-02-03
IVE SECRET,アルバム（韓国盤）,2025-08-25
REVIVE+,アルバム（韓国盤）,2026-02-23
ELEVEN -Japanese ver.-,アルバム（日本盤）,2022-10-19
WAVE,アルバム（日本盤）,2023-05-31
ALIVE,アルバム（日本盤）,2024-08-28
Be Alright,アルバム（日本盤）,2025-07-30
LUCID DREAM,アルバム（日本盤）,2026-05-27
"2023 SEASON'S GREETINGS [Ready, Get Set, IVE!]",シーズングリーティング,2022-12-30
2024 SEASON'S GREETINGS [A Fairy's Wish],シーズングリーティング,2023-12-29
2025 SEASON'S GREETINGS [Colorful Days with IVE],シーズングリーティング,2024-12-27
2026 SEASON'S GREETINGS [ATELIER IVE],シーズングリーティング,2025-12-29
1st FAN CONCERT 'The Prom Queens',ファンミ・ファンコン,2023-02-11
1st WORLD TOUR 'SHOW WHAT I HAVE',ライブ・ツアー,2023-10-07
2nd FANMEETING 'MAGAZINE IVE',ファンミ・ファンコン,2024-03-10
3rd FAN CONCERT 'IVE SCOUT',ファンミ・ファンコン,2025-04-06
4th FAN CONCERT 'DIVE into IVE',ファンミ・ファンコン,
2nd WORLD TOUR 'SHOW WHAT I AM',ライブ・ツアー,2025-10-31
2022 SEASON'S GREETINGS [A RAY OF SUNSHINE],シーズングリーティング,2021-12-29
Pepsi × IVE 'BLUE & BLACK',ノンアルバム,2022-08-01
Music Show & Broadcast｜音楽番組・公開放送,ノンアルバム,
Magazine｜雑誌特典,ノンアルバム,
Collab & Event｜コラボ・イベント,ノンアルバム,
DIVE Official Fanclub｜ファンクラブ,ノンアルバム,
Wonyoung Solo｜ウォニョン個人,個人（ソロ）,
