collection,member,source,version
2nd FANMEETING 'MAGAZINE IVE',ユジン,MD,Cushion
2nd FANMEETING 'MAGAZINE IVE',ガウル,MD,Cushion
2nd FANMEETING 'MAGAZINE IVE',レイ,MD,Cushion
2nd FANMEETING 'MAGAZINE IVE',ウォニョン,MD,Cushion
2nd FANMEETING 'MAGAZINE IVE',イソ,MD,Cushion
3rd FAN CONCERT 'IVE SCOUT',ユジン,MD,Cereal Bowl + Spoon Set
3rd FAN CONCERT 'IVE SCOUT',ガウル,MD,Cereal Bowl + Spoon Set
3rd FAN CONCERT 'IVE SCOUT',レイ,MD,Cereal Bowl + Spoon Set
3rd FAN CONCERT 'IVE SCOUT',ウォニョン,MD,Cereal Bowl + Spoon Set
3rd FAN CONCERT 'IVE SCOUT',イソ,MD,Cereal Bowl + Spoon Set
I've IVE,ユジン/リズ,Naver Live,ユニット 2
IVE SWITCH,ユジン,Soundwave ラキドロ,1.0-3
IVE SWITCH,ガウル,Soundwave ラキドロ,1.0-3
IVE SWITCH,レイ,Soundwave ラキドロ,1.0-3
IVE SWITCH,ウォニョン,Soundwave ラキドロ,1.0-3
IVE SWITCH,リズ,Soundwave ラキドロ,1.0-3
IVE SWITCH,イソ,Soundwave ラキドロ,1.0-3
IVE SWITCH,ユジン,Soundwave ラキドロ,2.0-3
IVE SWITCH,ガウル,Soundwave ラキドロ,2.0-3
IVE SWITCH,レイ,Soundwave ラキドロ,2.0-3
IVE SWITCH,ウォニョン,Soundwave ラキドロ,2.0-3
IVE SWITCH,リズ,Soundwave ラキドロ,2.0-3
IVE SWITCH,イソ,Soundwave ラキドロ,2.0-3
IVE SWITCH,ユジン,Makestar ラキドロ,3
IVE SWITCH,ガウル,Makestar ラキドロ,3
IVE SWITCH,レイ,Makestar ラキドロ,3
IVE SWITCH,ウォニョン,Makestar ラキドロ,3
IVE SWITCH,リズ,Makestar ラキドロ,3
IVE SWITCH,イソ,Makestar ラキドロ,3
IVE SWITCH,ユジン,Soundwave ラキドロ,3.0 POLA
IVE SWITCH,ガウル,Soundwave ラキドロ,3.0 POLA
IVE SWITCH,レイ,Soundwave ラキドロ,3.0 POLA
IVE SWITCH,ウォニョン,Soundwave ラキドロ,3.0 POLA
IVE SWITCH,リズ,Soundwave ラキドロ,3.0 POLA
IVE SWITCH,イソ,Soundwave ラキドロ,3.0 POLA
IVE SWITCH,ユジン,Soundwave ラキドロ,4.0-3
IVE SWITCH,ガウル,Soundwave ラキドロ,4.0-3
IVE SWITCH,レイ,Soundwave ラキドロ,4.0-3
IVE SWITCH,ウォニョン,Soundwave ラキドロ,4.0-3
IVE SWITCH,リズ,Soundwave ラキドロ,4.0-3
IVE SWITCH,イソ,Soundwave ラキドロ,4.0-3
IVE SWITCH,ユジン,Soundwave ラキドロ,5.0-3
IVE SWITCH,ガウル,Soundwave ラキドロ,5.0-3
IVE SWITCH,レイ,Soundwave ラキドロ,5.0-3
IVE SWITCH,ウォニョン,Soundwave ラキドロ,5.0-3
IVE SWITCH,リズ,Soundwave ラキドロ,5.0-3
IVE SWITCH,イソ,Soundwave ラキドロ,5.0-3
IVE SWITCH,ユジン/イソ,Soundwave ラキドロ,3.0 ユニット
IVE SWITCH,ガウル/イソ,Soundwave ラキドロ,3.0 ユニット
IVE SWITCH,レイ/イソ,Soundwave ラキドロ,3.0 ユニット
IVE SWITCH,リズ/イソ,Soundwave ラキドロ,3.0 ユニット
LOVE DIVE,ユジン,Fansign Special,2
LOVE DIVE,ガウル,Fansign Special,2
LOVE DIVE,レイ,Fansign Special,2
LOVE DIVE,ウォニョン,Fansign Special,2
LOVE DIVE,リズ,Fansign Special,2
LOVE DIVE,イソ,Fansign Special,2
IVE SECRET,ユジン,withmuu ラキドロ,5.0-2
IVE SECRET,ガウル,withmuu ラキドロ,5.0-2
IVE SECRET,レイ,withmuu ラキドロ,5.0-2
IVE SECRET,ウォニョン,withmuu ラキドロ,5.0-2
IVE SECRET,リズ,withmuu ラキドロ,5.0-2
IVE SECRET,イソ,withmuu ラキドロ,5.0-2
