folder,file,memlist_index,width,height,cards,card_w
.,F0ClaxJWYAAVWjt.jpg,0,2160,3840,39,247
.,F0ClaxJWwAcNZ2J.jpg,1,2160,3840,40,247
.,F0ClaxrXwAUjo5c.jpg,2,2160,3840,37,246
.,F0CllATX0AE22Cs.jpg,3,2160,3840,39,246
.,F0CllD0XsAAgWH_.jpg,4,2160,3840,39,246
.,F0CllF3WAAIsDXA.jpg,5,2160,3840,39,246
.,F5v-atlWAAAcbSr.jpg,6,2160,3840,83,178
.,FHGd0RoUUAABjWU.jpg,7,1194,2048,135,75
.,FT7ydEeXsAASeuH.jpg,8,1080,1920,27,127
.,FT7ydEjWUAA8S04.jpg,9,1080,1920,29,127
.,FT7ydEkXoAAb0Nf.jpg,10,1080,1920,27,127
.,FT7ywu8WQAABiHt.jpg,11,1080,1920,28,127
.,FT7ywvKWUAEd_w_.jpg,12,1080,1920,30,127
.,FT7ywxaWYAIoqO9.jpg,13,1080,1920,29,127
.,Fg4a3C_XkAIrckm.jpg,14,1080,1920,35,125
.,Fg4a3ChWAAA7C-B.jpg,15,1080,1920,35,125
.,Fg4a3DaXkAI7zk7.jpg,16,1080,1920,35,126
.,Fg4aallWYAIV02U.jpg,17,1080,1920,35,125
.,Fg4aalmXoAIybM0.jpg,18,1080,1920,35,125
.,Fg4aaloWAAUiCY9.jpg,19,1080,1920,36,125
.,GB_Vl2CakAAl8AM.jpg,20,720,1229,71,54
.,GB_Vl2CbQAArDm1.jpg,21,720,1233,71,54
.,GCDIAGUbYAA1imD.jpg,22,719,1238,74,54
.,GCDIAGVawAAHleH.jpg,23,720,1227,73,54
.,GCH979TakAAYmwE.jpg,24,720,1234,72,54
.,GCH979WbgAAc0WC.jpg,25,720,1233,72,54
.,GdJKJ9ubYAA6SXZ.jpg,26,810,2048,465,31
.,Ge1OH6gaMAAL1m6.jpg,27,1216,2048,89,74
.,Ge1OH6gaoAEn7vW.jpg,28,1222,2048,88,75
.,Ge1OH6gbcAAnUGp.jpg,29,1220,2048,89,75
.,Ge1OSUSagAAGKcC.jpg,30,1220,2048,90,75
.,Ge1OSUTaUAA8kpQ.jpg,31,1216,2048,88,74
.,Ge1OSUWaoAEJ1sz.jpg,32,1220,2048,94,75
.,Gs1Yb-AaoAEIHa1.jpg,33,1406,2048,385,41
.,Gs1ZAA8acAAOPZB.jpg,34,1386,2048,69,86
.,Gs1ZABBbYAAnOPw.jpg,35,1390,2048,69,87
.,Gs1ZABDawAAUdlI.jpg,36,1390,2048,70,87
.,Gs1ZK9YbsAActGF.jpg,37,1390,2048,70,87
.,Gs1ZK9lasAAspg_.jpg,38,1390,2048,69,87
.,Gs1ZK9ma4AAVZrn.jpg,39,1390,2048,71,87
.,HG6EMFUaAAA8kWH.jpg,40,1278,2048,84,77
.,HG6EMFXbAAA5Vjd.jpg,41,1278,2048,86,77
.,HG6EMFvaQAE--qC.jpg,42,1276,2048,85,77
.,HG6EV-YakAA21E9.jpg,43,1276,2048,84,77
.,HG6EV-cbcAAmcUO.jpg,44,1280,2048,85,78
.,HG6EV-fa8AAd6Hi.jpg,45,1278,2048,83,77
.,HG6yvNuaoAAba5e.jpg,46,1954,3357,490,61
.,HOe_bU-XEAAhwzl.jpg,47,2160,3840,93,148
.,HOe_bVDWAAASvhW.jpg,48,2160,3840,93,148
.,HOe_bWDXkAAQPlm.jpg,49,2160,3840,93,148
.,HOe_n0XX0AAPTbA.jpg,50,2160,3840,93,148
.,HOe_n0bXAAEpmut.jpg,51,2160,3840,93,148
.,HOe_n1uXwAA17Bm.jpg,52,2160,3840,93,148
.,HQfy2Fba8AAYvR1.jpg,53,1979,3300,83,120
.,HQfy2FcbcAAQTak.jpg,54,1979,3300,83,120
.,HQfy2FfbQAAPG-L.jpg,55,1979,3300,83,120
.,HQfydLeacAIpyyM.jpg,56,1979,3300,84,120
.,HQfydLjbUAARzvY.jpg,57,1979,3300,83,120
.,HQfydLsaoAAV_fJ.jpg,58,1979,3300,84,120
.,HRCVwmibIAACPLR.jpg,59,2860,3950,156,136
.,HRCWwsbbgAA-3oC.jpg,60,1950,3410,492,61
.,HRc4csAa4AASIzi.jpg,61,2360,3000,34,161
.,HRc4csAaEAAj9JZ.jpg,62,2360,3000,35,161
.,HRc4csnbQAALiv4.jpg,63,2360,3000,36,161
.,HRc4o22bYAA4qrE.jpg,64,2360,3000,35,161
.,HRc4o29akAAzPvA.jpg,65,2360,3000,39,159
.,HRc4o3DbwAAObx4.jpg,66,2360,3000,36,161
.,HSomkTDbsAAX7bm.jpg,67,4078,4096,73,224
.,HSomkTGacAAqiwJ.jpg,68,4078,4096,75,224
.,HSomkTHagAABxtT.jpg,69,4078,4096,73,224
.,HSomkTIbkAA5sqH.jpg,70,4078,4096,76,224
.,HSonBHlbwAImcow.jpg,71,4078,4096,73,224
.,HSonBHmbwAAd4Bt.jpg,72,4078,4096,75,224
IVE English ver. - photocard list-20260927T144026Z-1-001/IVE English ver. - photocard list/#wonyoung,IMG_5528.JPG,,2424,3030,74,165
IVE English ver. - photocard list-20260927T144026Z-1-001/IVE English ver. - photocard list/#wonyoung/01-IZONE,IMG_1561.JPG,,1890,3360,8,179
IVE English ver. - photocard list-20260927T144026Z-1-001/IVE English ver. - photocard list/#wonyoung/01-IZONE,IMG_1562.JPG,,1890,3360,5,149
IVE English ver. - photocard list-20260927T144026Z-1-001/IVE English ver. - photocard list/#wonyoung/01-IZONE,IMG_1563.JPG,,1890,3360,1,77
IVE English ver. - photocard list-20260927T144026Z-1-001/IVE English ver. - photocard list/#wonyoung/01-IZONE,IMG_1564.JPG,,2953,3937,8,150
IVE English ver. - photocard list-20260927T144026Z-1-001/IVE English ver. - photocard list/#wonyoung/01-IZONE,IMG_1978.JPG,,2268,2268,4,132
IVE English ver. - photocard list-20260927T144026Z-1-001/IVE English ver. - photocard list/#wonyoung/01-IZONE,IMG_1979.JPG,,2268,2268,15,213
IVE English ver. - photocard list-20260927T144026Z-1-001/IVE English ver. - photocard list/#wonyoung/01-IZONE,IMG_2054.JPG,,2268,2268,12,112
IVE English ver. - photocard list-20260927T144026Z-1-001/IVE English ver. - photocard list/#wonyoung/01-IZONE,IMG_2055.JPG,,2268,2268,8,181
IVE English ver. - photocard list-20260927T144026Z-1-001/IVE English ver. - photocard list/#wonyoung/01-IZONE,IMG_2111.JPG,,2268,2268,6,61
IVE English ver. - photocard list-20260927T144026Z-1-001/IVE English ver. - photocard list/#wonyoung/01-IZONE,IMG_2153.JPG,,2268,2268,14,101
IVE English ver. - photocard list-20260927T144026Z-1-001/IVE English ver. - photocard list/#wonyoung/01-IZONE,IMG_2270.JPG,,1594,2835,10,135
IVE English ver. - photocard list-20260927T144026Z-1-001/IVE English ver. - photocard list/#wonyoung/01-IZONE,IMG_2314.JPG,,2268,2268,4,120
IVE English ver. - photocard list-20260927T144026Z-1-001/IVE English ver. - photocard list/#wonyoung/01-IZONE,IMG_2337.JPG,,2126,2834,2,193
IVE English ver. - photocard list-20260927T144026Z-1-001/IVE English ver. - photocard list/#wonyoung/01-IZONE,IMG_2339.JPG,,2126,2834,17,81
IVE English ver. - photocard list-20260927T144026Z-1-001/IVE English ver. - photocard list/#wonyoung/01-IZONE,IMG_2723.JPG,,2268,2268,11,218
IVE English ver. - photocard list-20260927T144026Z-1-001/IVE English ver. - photocard list/#wonyoung/01-IZONE,IMG_2966.JPG,,2268,2268,12,215
IVE English ver. - photocard list-20260927T144026Z-1-001/IVE English ver. - photocard list/#wonyoung/01-IZONE,IMG_2967.JPG,,2268,2268,17,223
IVE English ver. - photocard list-20260927T144026Z-1-001/IVE English ver. - photocard list/#wonyoung/01-IZONE,IMG_2978.JPG,,2268,2268,13,198
IVE English ver. - photocard list-20260927T144026Z-1-001/IVE English ver. - photocard list/#wonyoung/01-IZONE,IMG_2982.JPG,,2268,2268,23,176
IVE English ver. - photocard list-20260927T144026Z-1-001/IVE English ver. - photocard list/#wonyoung/01-IZONE,IMG_2983.JPG,,2268,2268,21,252
IVE English ver. - photocard list-20260927T144026Z-1-001/IVE English ver. - photocard list/#wonyoung/01-IZONE,IMG_2996.JPG,,2268,2268,8,392
IVE English ver. - photocard list-20260927T144026Z-1-001/IVE English ver. - photocard list/#wonyoung/01-IZONE,IMG_3016.JPG,,1593,2835,19,197
IVE English ver. - photocard list-20260927T144026Z-1-001/IVE English ver. - photocard list/#wonyoung/01-IZONE,IMG_3017.JPG,,1593,2835,18,205
IVE English ver. - photocard list-20260927T144026Z-1-001/IVE English ver. - photocard list/#wonyoung/01-IZONE,IMG_3214.JPG,,2268,2268,21,235
IVE English ver. - photocard list-20260927T144026Z-1-001/IVE English ver. - photocard list/#wonyoung/01-IZONE,IMG_3225.JPG,,2268,2268,20,189
IVE English ver. - photocard list-20260927T144026Z-1-001/IVE English ver. - photocard list/#wonyoung/01-IZONE,IMG_3226(1).JPG,,2268,2268,22,189
IVE English ver. - photocard list-20260927T144026Z-1-001/IVE English ver. - photocard list/#wonyoung/01-IZONE,IMG_3226.JPG,,2268,2268,22,189
IVE English ver. - photocard list-20260927T144026Z-1-001/IVE English ver. - photocard list/#wonyoung/01-IZONE,IMG_3243.JPG,,2268,2268,14,299
IVE English ver. - photocard list-20260927T144026Z-1-001/IVE English ver. - photocard list/#wonyoung/01-IZONE,IMG_3607.JPG,,2362,2362,133,99
IVE English ver. - photocard list-20260927T144026Z-1-001/IVE English ver. - photocard list/#wonyoung/01-IZONE,IMG_3663.JPG,,2362,2362,77,111
IVE English ver. - photocard list-20260927T144026Z-1-001/IVE English ver. - photocard list/#wonyoung/02-kirsh,01-all.JPG,,1890,1890,20,214
IVE English ver. - photocard list-20260927T144026Z-1-001/IVE English ver. - photocard list/#wonyoung/02-kirsh,02-21aw.JPG,,1890,1890,16,239
IVE English ver. - photocard list-20260927T144026Z-1-001/IVE English ver. - photocard list/#wonyoung/02-kirsh,03-22ss.JPG,,1890,1890,3,48
IVE English ver. - photocard list-20260927T144026Z-1-001/IVE English ver. - photocard list/#wonyoung/02-kirsh,04-22aw.JPG,,1890,1890,2,48
IVE English ver. - photocard list-20260927T144026Z-1-001/IVE English ver. - photocard list/#wonyoung/03-Innisfree,03-Innisfree.JPG,,1890,1890,2,48
IVE English ver. - photocard list-20260927T144026Z-1-001/IVE English ver. - photocard list/#wonyoung/04-skt,04-skt.JPG,,1890,1890,2,48
IVE English ver. - photocard list-20260927T144026Z-1-001/IVE English ver. - photocard list/#wonyoung/05-hapakristin,01-all.JPG,,1984,1984,17,248
IVE English ver. - photocard list-20260927T144026Z-1-001/IVE English ver. - photocard list/#wonyoung/05-hapakristin,02-brown.JPG,,1984,1984,2,57
IVE English ver. - photocard list-20260927T144026Z-1-001/IVE English ver. - photocard list/#wonyoung/05-hapakristin,03-gray.JPG,,1984,1984,2,57
IVE English ver. - photocard list-20260927T144026Z-1-001/IVE English ver. - photocard list/#wonyoung/05-hapakristin,04-beige.JPG,,1984,1984,4,76
IVE English ver. - photocard list-20260927T144026Z-1-001/IVE English ver. - photocard list/#wonyoung/05-hapakristin,05-olive.JPG,,1984,1984,2,58
IVE English ver. - photocard list-20260927T144026Z-1-001/IVE English ver. - photocard list/#wonyoung/05-hapakristin,06.JPG,,1984,1984,8,133
IVE English ver. - photocard list-20260927T144026Z-1-001/IVE English ver. - photocard list/#wonyoung/05-hapakristin,IMG_4023.JPG,,1984,1984,2,119
IVE English ver. - photocard list-20260927T144026Z-1-001/IVE English ver. - photocard list/#wonyoung/05-hapakristin,IMG_4025.JPG,,1984,1984,2,119
IVE English ver. - photocard list-20260927T144026Z-1-001/IVE English ver. - photocard list/#wonyoung/05-hapakristin,IMG_4027.JPG,,1984,1984,6,113
IVE English ver. - photocard list-20260927T144026Z-1-001/IVE English ver. - photocard list/#wonyoung/05-hapakristin,IMG_4708.JPG,,1984,1984,7,99
IVE English ver. - photocard list-20260927T144026Z-1-001/IVE English ver. - photocard list/#wonyoung/06-gospheres,IMG_2349.JPG,,1984,1984,6,122
IVE English ver. - photocard list-20260927T144026Z-1-001/IVE English ver. - photocard list/#wonyoung/07-amuse,IMG_5486.JPG,,1984,1984,3,130
IVE English ver. - photocard list-20260927T144026Z-1-001/IVE English ver. - photocard list/#wonyoung/07-amuse,amuse1-eng.jpg,,1984,1984,5,130
IVE English ver. - photocard list-20260927T144026Z-1-001/IVE English ver. - photocard list/#wonyoung/08-eider,IMG_0128.JPG,,1984,1984,0,0
IVE English ver. - photocard list-20260927T144026Z-1-001/IVE English ver. - photocard list/#wonyoung/musicbank,IMG_7042.JPG,,1890,1890,3,48
IVE English ver. - photocard list-20260927T144026Z-1-001/IVE English ver. - photocard list/#wonyoung/musicbank,IMG_8527.JPG,,1890,1890,3,48
IVE English ver. - photocard list-20260927T144026Z-1-001/IVE English ver. - photocard list/#wonyoung/musicbank,IMG_8535.JPG,,1890,1890,3,48
IVE English ver. - photocard list-20260927T144026Z-1-001/IVE English ver. - photocard list/#wonyoung/musicbank,IMG_9176.JPG,,1990,1990,20,246
IVE English ver. - photocard list-20260927T144026Z-1-001/IVE English ver. - photocard list/#wonyoung/musicbank,IMG_9248.JPG,,1890,1890,3,48
IVE English ver. - photocard list-20260927T144026Z-1-001/IVE English ver. - photocard list/#wonyoung/musicbank,IMG_9250.JPG,,1890,1890,3,48
IVE English ver. - photocard list-20260927T144026Z-1-001/IVE English ver. - photocard list/00 - all photocard,IMG_8498.JPG,,1980,3697,190,109
IVE English ver. - photocard list-20260927T144026Z-1-001/IVE English ver. - photocard list/00 - all photocard,IMG_8499.JPG,,1980,3697,190,109
IVE English ver. - photocard list-20260927T144026Z-1-001/IVE English ver. - photocard list/00 - all photocard,IMG_8500.JPG,,1980,3697,187,109
IVE English ver. - photocard list-20260927T144026Z-1-001/IVE English ver. - photocard list/00 - all photocard,IMG_8501.JPG,,1980,3697,186,109
IVE English ver. - photocard list-20260927T144026Z-1-001/IVE English ver. - photocard list/00 - all photocard,IMG_8502.JPG,,1980,3697,188,109
IVE English ver. - photocard list-20260927T144026Z-1-001/IVE English ver. - photocard list/00 - all photocard,IMG_8504.JPG,,1980,3697,184,109
IVE English ver. - photocard list-20260927T144026Z-1-001/IVE English ver. - photocard list/01 - eleven,01-gaeul.JPG,,1996,1996,28,166
IVE English ver. - photocard list-20260927T144026Z-1-001/IVE English ver. - photocard list/01 - eleven,02-yujin.JPG,,1996,1996,27,166
IVE English ver. - photocard list-20260927T144026Z-1-001/IVE English ver. - photocard list/01 - eleven,03-rei.JPG,,1996,1996,28,166
IVE English ver. - photocard list-20260927T144026Z-1-001/IVE English ver. - photocard list/01 - eleven,04-wonyoung.JPG,,1996,1996,25,166
IVE English ver. - photocard list-20260927T144026Z-1-001/IVE English ver. - photocard list/01 - eleven,05-liz.JPG,,1996,1996,28,166
IVE English ver. - photocard list-20260927T144026Z-1-001/IVE English ver. - photocard list/01 - eleven,06-leeseo.JPG,,1996,1996,27,166
IVE English ver. - photocard list-20260927T144026Z-1-001/IVE English ver. - photocard list/01 - eleven,07-ive.JPG,,3898,4724,155,166
IVE English ver. - photocard list-20260927T144026Z-1-001/IVE English ver. - photocard list/01 - eleven,09-special.JPG,,1476,1476,13,165
IVE English ver. - photocard list-20260927T144026Z-1-001/IVE English ver. - photocard list/01 - eleven,10-daum cafe.JPG,,1890,1890,7,332
IVE English ver. - photocard list-20260927T144026Z-1-001/IVE English ver. - photocard list/01 - eleven,11-album contents.JPG,,2067,2067,24,167
IVE English ver. - photocard list-20260927T144026Z-1-001/IVE English ver. - photocard list/01 - eleven,12-starship.JPG,,1890,1890,13,216
IVE English ver. - photocard list-20260927T144026Z-1-001/IVE English ver. - photocard list/01 - eleven,13-ktown4u.JPG,,1890,1890,7,331
IVE English ver. - photocard list-20260927T144026Z-1-001/IVE English ver. - photocard list/01 - eleven,14-sw1.JPG,,1890,1890,7,331
IVE English ver. - photocard list-20260927T144026Z-1-001/IVE English ver. - photocard list/01 - eleven,15-yzy1.JPG,,1890,1890,7,330
IVE English ver. - photocard list-20260927T144026Z-1-001/IVE English ver. - photocard list/01 - eleven,16-yzy2.JPG,,1890,1890,9,331
IVE English ver. - photocard list-20260927T144026Z-1-001/IVE English ver. - photocard list/01 - eleven,17-tower record.JPG,,1890,1890,1,60
IVE English ver. - photocard list-20260927T144026Z-1-001/IVE English ver. - photocard list/01 - eleven,18-shopee.JPG,,1890,1890,7,331
IVE English ver. - photocard list-20260927T144026Z-1-001/IVE English ver. - photocard list/01 - eleven,19-sw2.JPG,,1890,1890,19,198
IVE English ver. - photocard list-20260927T144026Z-1-001/IVE English ver. - photocard list/01 - eleven,20-wd2.JPG,,1890,1890,19,198
IVE English ver. - photocard list-20260927T144026Z-1-001/IVE English ver. - photocard list/01 - eleven,21-mmt.JPG,,1890,1890,8,331
IVE English ver. - photocard list-20260927T144026Z-1-001/IVE English ver. - photocard list/01 - eleven,22-ms1.JPG,,1890,1890,7,331
IVE English ver. - photocard list-20260927T144026Z-1-001/IVE English ver. - photocard list/01 - eleven,23-el1.JPG,,1890,1890,7,331
IVE English ver. - photocard list-20260927T144026Z-1-001/IVE English ver. - photocard list/01 - eleven,24-wd3.JPG,,1890,1890,7,331
IVE English ver. - photocard list-20260927T144026Z-1-001/IVE English ver. - photocard list/01 - eleven,25-ww.JPG,,1890,1890,7,331
IVE English ver. - photocard list-20260927T144026Z-1-001/IVE English ver. - photocard list/01 - eleven,26-sw3.JPG,,1890,1890,7,331
IVE English ver. - photocard list-20260927T144026Z-1-001/IVE English ver. - photocard list/01 - eleven,27-el2.JPG,,1890,1890,8,331
IVE English ver. - photocard list-20260927T144026Z-1-001/IVE English ver. - photocard list/01 - eleven,28-jm.JPG,,1890,1890,7,331
IVE English ver. - photocard list-20260927T144026Z-1-001/IVE English ver. - photocard list/01 - eleven,29-ms2.JPG,,1890,1890,7,331
IVE English ver. - photocard list-20260927T144026Z-1-001/IVE English ver. - photocard list/02 - love dive,01.JPG,,2339,2339,36,166
IVE English ver. - photocard list-20260927T144026Z-1-001/IVE English ver. - photocard list/02 - love dive,02.JPG,,2339,2339,35,165
IVE English ver. - photocard list-20260927T144026Z-1-001/IVE English ver. - photocard list/02 - love dive,03.JPG,,2339,2339,36,165
IVE English ver. - photocard list-20260927T144026Z-1-001/IVE English ver. - photocard list/02 - love dive,04.JPG,,2339,2339,35,165
IVE English ver. - photocard list-20260927T144026Z-1-001/IVE English ver. - photocard list/02 - love dive,05.JPG,,2339,2339,36,165
IVE English ver. - photocard list-20260927T144026Z-1-001/IVE English ver. - photocard list/02 - love dive,06.JPG,,2339,2339,36,165
IVE English ver. - photocard list-20260927T144026Z-1-001/IVE English ver. - photocard list/02 - love dive,07-all.JPG,,3803,5705,185,166
IVE English ver. - photocard list-20260927T144026Z-1-001/IVE English ver. - photocard list/02 - love dive,08-fansign.JPG,,1890,1890,6,331
IVE English ver. - photocard list-20260927T144026Z-1-001/IVE English ver. - photocard list/02 - love dive,09-daum cafe.jpg,,1890,1890,6,331
IVE English ver. - photocard list-20260927T144026Z-1-001/IVE English ver. - photocard list/02 - love dive,10-album contents.JPG,,1996,1996,22,166
IVE English ver. - photocard list-20260927T144026Z-1-001/IVE English ver. - photocard list/02 - love dive,11-jewel.JPG,,1996,1996,6,166
IVE English ver. - photocard list-20260927T144026Z-1-001/IVE English ver. - photocard list/02 - love dive,12-group.JPG,,1996,1996,5,379
IVE English ver. - photocard list-20260927T144026Z-1-001/IVE English ver. - photocard list/02 - love dive,13-jewel heart.JPG,,1890,1890,6,331
IVE English ver. - photocard list-20260927T144026Z-1-001/IVE English ver. - photocard list/02 - love dive,14-jewel mv.JPG,,1890,1890,6,331
IVE English ver. - photocard list-20260927T144026Z-1-001/IVE English ver. - photocard list/02 - love dive,15-starship square.JPG,,1890,1890,12,215
IVE English ver. - photocard list-20260927T144026Z-1-001/IVE English ver. - photocard list/02 - love dive,16-ktown4u.JPG,,1890,1890,6,331
IVE English ver. - photocard list-20260927T144026Z-1-001/IVE English ver. - photocard list/02 - love dive,17-tower record.JPG,,1890,1890,12,214
IVE English ver. - photocard list-20260927T144026Z-1-001/IVE English ver. - photocard list/02 - love dive,18-mmt.JPG,,1890,1890,6,331
IVE English ver. - photocard list-20260927T144026Z-1-001/IVE English ver. - photocard list/02 - love dive,19-soundwave1.JPG,,1890,1890,6,331
IVE English ver. - photocard list-20260927T144026Z-1-001/IVE English ver. - photocard list/02 - love dive,20-apple music.JPG,,1890,1890,6,331
IVE English ver. - photocard list-20260927T144026Z-1-001/IVE English ver. - photocard list/02 - love dive,21-withmuu lucky.JPG,,1890,1890,18,198
IVE English ver. - photocard list-20260927T144026Z-1-001/IVE English ver. - photocard list/02 - love dive,22-namil 1.JPG,,1890,1890,6,331
IVE English ver. - photocard list-20260927T144026Z-1-001/IVE English ver. - photocard list/02 - love dive,23-withmuu 2.JPG,,1890,1890,6,331
IVE English ver. - photocard list-20260927T144026Z-1-001/IVE English ver. - photocard list/02 - love dive,24-musickorea.JPG,,1890,1890,7,331
IVE English ver. - photocard list-20260927T144026Z-1-001/IVE English ver. - photocard list/02 - love dive,25-soundwave2.JPG,,1890,1890,6,331
IVE English ver. - photocard list-20260927T144026Z-1-001/IVE English ver. - photocard list/02 - love dive,26-beatroad.JPG,,1890,1890,6,331
IVE English ver. - photocard list-20260927T144026Z-1-001/IVE English ver. - photocard list/02 - love dive,27-soundwave3.JPG,,1890,1890,18,198
IVE English ver. - photocard list-20260927T144026Z-1-001/IVE English ver. - photocard list/02 - love dive,28-ktown4u2.JPG,,1890,1890,6,331
IVE English ver. - photocard list-20260927T144026Z-1-001/IVE English ver. - photocard list/02 - love dive,29-namil2.JPG,,1890,1890,6,331
IVE English ver. - photocard list-20260927T144026Z-1-001/IVE English ver. - photocard list/02 - love dive,30-withmuu3.JPG,,1890,1890,6,331
IVE English ver. - photocard list-20260927T144026Z-1-001/IVE English ver. - photocard list/02 - love dive,31-mokketshop.JPG,,1890,1890,7,331
IVE English ver. - photocard list-20260927T144026Z-1-001/IVE English ver. - photocard list/02 - love dive,32-soundwave4.jpg,,1890,1890,6,331
IVE English ver. - photocard list-20260927T144026Z-1-001/IVE English ver. - photocard list/03 - after like,01-gaeul.JPG,,1980,1980,38,141
IVE English ver. - photocard list-20260927T144026Z-1-001/IVE English ver. - photocard list/03 - after like,02-yujin.JPG,,1980,1980,38,141
IVE English ver. - photocard list-20260927T144026Z-1-001/IVE English ver. - photocard list/03 - after like,03-rei.JPG,,1980,1980,38,141
IVE English ver. - photocard list-20260927T144026Z-1-001/IVE English ver. - photocard list/03 - after like,04-wonyoung.JPG,,1980,1980,38,141
IVE English ver. - photocard list-20260927T144026Z-1-001/IVE English ver. - photocard list/03 - after like,05-liz.JPG,,1980,1980,38,141
IVE English ver. - photocard list-20260927T144026Z-1-001/IVE English ver. - photocard list/03 - after like,06-leeseo.JPG,,1980,1980,38,141
IVE English ver. - photocard list-20260927T144026Z-1-001/IVE English ver. - photocard list/03 - after like,07-all.JPG,,3803,6591,222,166
IVE English ver. - photocard list-20260927T144026Z-1-001/IVE English ver. - photocard list/03 - after like,08-fansign.JPG,,1890,1890,6,331
IVE English ver. - photocard list-20260927T144026Z-1-001/IVE English ver. - photocard list/03 - after like,09-pb.JPG,,1996,1996,26,166
IVE English ver. - photocard list-20260927T144026Z-1-001/IVE English ver. - photocard list/03 - after like,10-jewel.JPG,,1996,1996,6,187
IVE English ver. - photocard list-20260927T144026Z-1-001/IVE English ver. - photocard list/03 - after like,11-daumcafe.JPG,,1890,1890,6,331
IVE English ver. - photocard list-20260927T144026Z-1-001/IVE English ver. - photocard list/03 - after like,12-mk-fansign.jpg,,1890,1890,6,255
IVE English ver. - photocard list-20260927T144026Z-1-001/IVE English ver. - photocard list/03 - after like,13-openbroadcast 1.JPG,,1890,1890,6,331
IVE English ver. - photocard list-20260927T144026Z-1-001/IVE English ver. - photocard list/03 - after like,14-openbroadcast 2.JPG,,1890,1890,6,331
IVE English ver. - photocard list-20260927T144026Z-1-001/IVE English ver. - photocard list/03 - after like,15-openbroadcast 3.JPG,,1890,1890,0,0
IVE English ver. - photocard list-20260927T144026Z-1-001/IVE English ver. - photocard list/03 - after like,16-openbroadcast 4.JPG,,1890,1890,12,216
IVE English ver. - photocard list-20260927T144026Z-1-001/IVE English ver. - photocard list/03 - after like,17-ver1.JPG,,1890,1890,6,331
IVE English ver. - photocard list-20260927T144026Z-1-001/IVE English ver. - photocard list/03 - after like,18-ver2.JPG,,1890,1890,6,331
IVE English ver. - photocard list-20260927T144026Z-1-001/IVE English ver. - photocard list/03 - after like,19-ver3.JPG,,1890,1890,6,331
IVE English ver. - photocard list-20260927T144026Z-1-001/IVE English ver. - photocard list/03 - after like,20-jewel.JPG,,1890,1890,6,331
IVE English ver. - photocard list-20260927T144026Z-1-001/IVE English ver. - photocard list/03 - after like,21-jewel6.JPG,,1890,1890,6,331
IVE English ver. - photocard list-20260927T144026Z-1-001/IVE English ver. - photocard list/03 - after like,22-jewel9.JPG,,1890,1890,6,220
IVE English ver. - photocard list-20260927T144026Z-1-001/IVE English ver. - photocard list/03 - after like,23-starship.JPG,,1890,1890,12,216
IVE English ver. - photocard list-20260927T144026Z-1-001/IVE English ver. - photocard list/03 - after like,24-ktown4u.JPG,,1890,1890,6,331
IVE English ver. - photocard list-20260927T144026Z-1-001/IVE English ver. - photocard list/03 - after like,25-bandina.JPG,,1890,1890,6,331
IVE English ver. - photocard list-20260927T144026Z-1-001/IVE English ver. - photocard list/03 - after like,26-mmt.JPG,,1890,1890,6,331
IVE English ver. - photocard list-20260927T144026Z-1-001/IVE English ver. - photocard list/03 - after like,27-withmuu.jpg,,1890,1890,6,331
IVE English ver. - photocard list-20260927T144026Z-1-001/IVE English ver. - photocard list/03 - after like,28-soundwave1.JPG,,1890,1890,6,331
IVE English ver. - photocard list-20260927T144026Z-1-001/IVE English ver. - photocard list/03 - after like,29-navershoppinglive.JPG,,1890,1890,6,331
IVE English ver. - photocard list-20260927T144026Z-1-001/IVE English ver. - photocard list/03 - after like,30-swluckydraw.JPG,,1890,1890,18,198
IVE English ver. - photocard list-20260927T144026Z-1-001/IVE English ver. - photocard list/03 - after like,31-wmluckydraw.JPG,,1890,1890,18,198
IVE English ver. - photocard list-20260927T144026Z-1-001/IVE English ver. - photocard list/03 - after like,32-towerrecord.JPG,,1890,1890,12,201
IVE English ver. - photocard list-20260927T144026Z-1-001/IVE English ver. - photocard list/03 - after like,33-beatroad.JPG,,1890,1890,6,331
IVE English ver. - photocard list-20260927T144026Z-1-001/IVE English ver. - photocard list/03 - after like,34-applemusic.JPG,,1890,1890,6,331
IVE English ver. - photocard list-20260927T144026Z-1-001/IVE English ver. - photocard list/03 - after like,35-namil.JPG,,1890,1890,7,331
IVE English ver. - photocard list-20260927T144026Z-1-001/IVE English ver. - photocard list/03 - after like,36-mokketshop.jpg,,1890,1890,7,331
IVE English ver. - photocard list-20260927T144026Z-1-001/IVE English ver. - photocard list/03 - after like,37-tou.jpg,,1890,1890,7,330
IVE English ver. - photocard list-20260927T144026Z-1-001/IVE English ver. - photocard list/03 - after like,38-musickorea.jpg,,1890,1890,6,331
IVE English ver. - photocard list-20260927T144026Z-1-001/IVE English ver. - photocard list/03 - after like,39-soundwave3.JPG,,1890,1890,6,331
IVE English ver. - photocard list-20260927T144026Z-1-001/IVE English ver. - photocard list/03 - after like,40-starriver.JPG,,1890,1890,6,331
IVE English ver. - photocard list-20260927T144026Z-1-001/IVE English ver. - photocard list/03 - after like,41-withmuu3.JPG,,1890,1890,7,331
IVE English ver. - photocard list-20260927T144026Z-1-001/IVE English ver. - photocard list/03 - after like,42-soundwave4.JPG,,1890,1890,7,331
IVE English ver. - photocard list-20260927T144026Z-1-001/IVE English ver. - photocard list/04 - IveIVE,25-6set-eng.jpg,,1890,1890,7,331
IVE English ver. - photocard list-20260927T144026Z-1-001/IVE English ver. - photocard list/04 - IveIVE,27-mmt-eng.jpg,,1890,1890,7,331
IVE English ver. - photocard list-20260927T144026Z-1-001/IVE English ver. - photocard list/04 - IveIVE,39-wm2-eng(2).jpg,,1890,1890,7,331
IVE English ver. - photocard list-20260927T144026Z-1-001/IVE English ver. - photocard list/04 - IveIVE,45-sw4-eng.jpg,,1890,1890,6,331
IVE English ver. - photocard list-20260927T144026Z-1-001/IVE English ver. - photocard list/04 - IveIVE,IMG_0041.JPG,,1890,1890,7,331
IVE English ver. - photocard list-20260927T144026Z-1-001/IVE English ver. - photocard list/04 - IveIVE,IMG_1249.JPG,,1996,1996,18,206
IVE English ver. - photocard list-20260927T144026Z-1-001/IVE English ver. - photocard list/04 - IveIVE,IMG_1259.JPG,,1890,1890,6,331
IVE English ver. - photocard list-20260927T144026Z-1-001/IVE English ver. - photocard list/04 - IveIVE,IMG_1537.JPG,,1890,1890,7,331
IVE English ver. - photocard list-20260927T144026Z-1-001/IVE English ver. - photocard list/04 - IveIVE,IMG_2429.JPG,,1890,1890,7,331
IVE English ver. - photocard list-20260927T144026Z-1-001/IVE English ver. - photocard list/04 - IveIVE,IMG_3134.JPG,,1890,1890,7,331
IVE English ver. - photocard list-20260927T144026Z-1-001/IVE English ver. - photocard list/04 - IveIVE,IMG_3288.JPG,,1890,2519,10,347
IVE English ver. - photocard list-20260927T144026Z-1-001/IVE English ver. - photocard list/04 - IveIVE,IMG_3366.JPG,,1890,1890,7,331
IVE English ver. - photocard list-20260927T144026Z-1-001/IVE English ver. - photocard list/04 - IveIVE,IMG_3407.JPG,,1890,1890,7,331
IVE English ver. - photocard list-20260927T144026Z-1-001/IVE English ver. - photocard list/04 - IveIVE,IMG_3439.JPG,,1890,1890,7,331
IVE English ver. - photocard list-20260927T144026Z-1-001/IVE English ver. - photocard list/04 - IveIVE,IMG_3511.JPG,,1890,2519,12,338
IVE English ver. - photocard list-20260927T144026Z-1-001/IVE English ver. - photocard list/04 - IveIVE,IMG_3519.JPG,,1980,1980,40,141
IVE English ver. - photocard list-20260927T144026Z-1-001/IVE English ver. - photocard list/04 - IveIVE,IMG_3520.JPG,,1980,1980,44,141
IVE English ver. - photocard list-20260927T144026Z-1-001/IVE English ver. - photocard list/04 - IveIVE,IMG_3521.JPG,,1980,1980,40,141
IVE English ver. - photocard list-20260927T144026Z-1-001/IVE English ver. - photocard list/04 - IveIVE,IMG_3523.JPG,,1980,1980,42,141
IVE English ver. - photocard list-20260927T144026Z-1-001/IVE English ver. - photocard list/04 - IveIVE,IMG_3524.JPG,,1980,1980,42,141
IVE English ver. - photocard list-20260927T144026Z-1-001/IVE English ver. - photocard list/04 - IveIVE,IMG_3528.JPG,,1890,1890,1,67
IVE English ver. - photocard list-20260927T144026Z-1-001/IVE English ver. - photocard list/04 - IveIVE,IMG_3531.JPG,,1980,1980,41,141
IVE English ver. - photocard list-20260927T144026Z-1-001/IVE English ver. - photocard list/04 - IveIVE,IMG_3533.JPG,,1890,1890,12,229
IVE English ver. - photocard list-20260927T144026Z-1-001/IVE English ver. - photocard list/04 - IveIVE,IMG_3535.JPG,,3803,6850,228,166
IVE English ver. - photocard list-20260927T144026Z-1-001/IVE English ver. - photocard list/04 - IveIVE,IMG_3537.JPG,,1890,1890,13,215
IVE English ver. - photocard list-20260927T144026Z-1-001/IVE English ver. - photocard list/04 - IveIVE,IMG_5302.JPG,,1996,1996,7,187
IVE English ver. - photocard list-20260927T144026Z-1-001/IVE English ver. - photocard list/04 - IveIVE,IMG_5314.JPG,,1996,1996,31,166
IVE English ver. - photocard list-20260927T144026Z-1-001/IVE English ver. - photocard list/04 - IveIVE,IMG_5358.JPG,,1890,1890,19,198
IVE English ver. - photocard list-20260927T144026Z-1-001/IVE English ver. - photocard list/04 - IveIVE,IMG_5452.JPG,,1890,1890,20,198
IVE English ver. - photocard list-20260927T144026Z-1-001/IVE English ver. - photocard list/04 - IveIVE,IMG_5881.JPG,,1890,1890,7,331
IVE English ver. - photocard list-20260927T144026Z-1-001/IVE English ver. - photocard list/04 - IveIVE,IMG_5949.JPG,,1890,1890,7,331
IVE English ver. - photocard list-20260927T144026Z-1-001/IVE English ver. - photocard list/04 - IveIVE,IMG_5983.JPG,,1890,1890,7,331
IVE English ver. - photocard list-20260927T144026Z-1-001/IVE English ver. - photocard list/04 - IveIVE,IMG_6339.JPG,,1890,1890,13,189
IVE English ver. - photocard list-20260927T144026Z-1-001/IVE English ver. - photocard list/04 - IveIVE,IMG_6357.JPG,,1890,1890,1,67
IVE English ver. - photocard list-20260927T144026Z-1-001/IVE English ver. - photocard list/04 - IveIVE,IMG_7504.JPG,,1890,1890,7,331
IVE English ver. - photocard list-20260927T144026Z-1-001/IVE English ver. - photocard list/04 - IveIVE,IMG_7506.JPG,,1890,2362,18,216
IVE English ver. - photocard list-20260927T144026Z-1-001/IVE English ver. - photocard list/04 - IveIVE,IMG_7827.JPG,,1890,2362,6,331
IVE English ver. - photocard list-20260927T144026Z-1-001/IVE English ver. - photocard list/04 - IveIVE,IMG_7828.JPG,,1890,2362,6,331
IVE English ver. - photocard list-20260927T144026Z-1-001/IVE English ver. - photocard list/04 - IveIVE,IMG_8400.JPG,,1890,1890,7,331
IVE English ver. - photocard list-20260927T144026Z-1-001/IVE English ver. - photocard list/04 - IveIVE,IMG_9901.JPG,,1890,1890,1,67
IVE English ver. - photocard list-20260927T144026Z-1-001/IVE English ver. - photocard list/05 - japan eleven,01.JPG,,1890,1890,13,207
IVE English ver. - photocard list-20260927T144026Z-1-001/IVE English ver. - photocard list/05 - japan eleven,02.JPG,,1890,1890,13,207
IVE English ver. - photocard list-20260927T144026Z-1-001/IVE English ver. - photocard list/05 - japan eleven,03.JPG,,1890,1890,14,207
IVE English ver. - photocard list-20260927T144026Z-1-001/IVE English ver. - photocard list/05 - japan eleven,04.JPG,,1890,1890,10,208
IVE English ver. - photocard list-20260927T144026Z-1-001/IVE English ver. - photocard list/05 - japan eleven,05.JPG,,1890,1890,13,207
IVE English ver. - photocard list-20260927T144026Z-1-001/IVE English ver. - photocard list/05 - japan eleven,06.JPG,,1890,1890,12,207
IVE English ver. - photocard list-20260927T144026Z-1-001/IVE English ver. - photocard list/05 - japan eleven,07.JPG,,3307,3024,70,167
IVE English ver. - photocard list-20260927T144026Z-1-001/IVE English ver. - photocard list/05 - japan eleven,08-unit.JPG,,1890,1890,4,220
IVE English ver. - photocard list-20260927T144026Z-1-001/IVE English ver. - photocard list/05 - japan eleven,09-album photocard.JPG,,1890,1890,24,165
IVE English ver. - photocard list-20260927T144026Z-1-001/IVE English ver. - photocard list/05 - japan eleven,10-i盤.JPG,,1890,1890,6,331
IVE English ver. - photocard list-20260927T144026Z-1-001/IVE English ver. - photocard list/05 - japan eleven,11-v盤.JPG,,1890,1890,7,331
IVE English ver. - photocard list-20260927T144026Z-1-001/IVE English ver. - photocard list/05 - japan eleven,12-e盤.JPG,,1890,1890,6,331
IVE English ver. - photocard list-20260927T144026Z-1-001/IVE English ver. - photocard list/05 - japan eleven,13-fc盤.JPG,,1890,1890,6,331
IVE English ver. - photocard list-20260927T144026Z-1-001/IVE English ver. - photocard list/05 - japan eleven,14-id card-towerrecord.JPG,,1890,1890,5,175
IVE English ver. - photocard list-20260927T144026Z-1-001/IVE English ver. - photocard list/05 - japan eleven,15-luckydraw-towerrecord.JPG,,1890,1890,6,330
IVE English ver. - photocard list-20260927T144026Z-1-001/IVE English ver. - photocard list/05 - japan eleven,16-flyer-towerrecord.JPG,,1890,1890,6,353
IVE English ver. - photocard list-20260927T144026Z-1-001/IVE English ver. - photocard list/05 - japan eleven,17-hmv-bookmark.JPG,,1890,1890,0,0
IVE English ver. - photocard list-20260927T144026Z-1-001/IVE English ver. - photocard list/05 - japan eleven,18-tsutaya-postcard.JPG,,1890,1890,6,347
IVE English ver. - photocard list-20260927T144026Z-1-001/IVE English ver. - photocard list/05 - japan eleven,19-rakuten-clear file.JPG,,1890,1890,6,363
IVE English ver. - photocard list-20260927T144026Z-1-001/IVE English ver. - photocard list/05 - japan eleven,20-7net-sticker.JPG,,1890,1890,6,347
IVE English ver. - photocard list-20260927T144026Z-1-001/IVE English ver. - photocard list/05 - japan eleven,21-amazon.JPG,,1890,1890,0,0
IVE English ver. - photocard list-20260927T144026Z-1-001/IVE English ver. - photocard list/05 - japan eleven,22-shibuya sticker.JPG,,1890,1890,6,333
IVE English ver. - photocard list-20260927T144026Z-1-001/IVE English ver. - photocard list/05 - japan eleven,23-shibuya-clear coaster.JPG,,1890,1890,0,0
IVE English ver. - photocard list-20260927T144026Z-1-001/IVE English ver. - photocard list/05 - japan eleven,24-soundwave.JPG,,1890,1890,7,331
IVE English ver. - photocard list-20260927T144026Z-1-001/IVE English ver. - photocard list/05 - japan eleven,25-お見送り会.JPG,,1890,1890,7,331
IVE English ver. - photocard list-20260927T144026Z-1-001/IVE English ver. - photocard list/06 - japan wave,01-gaeul.JPG,,1984,1984,16,207
IVE English ver. - photocard list-20260927T144026Z-1-001/IVE English ver. - photocard list/06 - japan wave,02-yujin.JPG,,1984,1984,16,207
IVE English ver. - photocard list-20260927T144026Z-1-001/IVE English ver. - photocard list/06 - japan wave,03-rei.JPG,,1984,1984,16,207
IVE English ver. - photocard list-20260927T144026Z-1-001/IVE English ver. - photocard list/06 - japan wave,04-wonyoung.JPG,,1984,1984,16,207
IVE English ver. - photocard list-20260927T144026Z-1-001/IVE English ver. - photocard list/06 - japan wave,05-liz.JPG,,1984,1984,16,207
IVE English ver. - photocard list-20260927T144026Z-1-001/IVE English ver. - photocard list/06 - japan wave,06-leeseo.JPG,,1984,1984,14,207
IVE English ver. - photocard list-20260927T144026Z-1-001/IVE English ver. - photocard list/06 - japan wave,07-allphotocard.JPG,,2728,2728,68,167
IVE English ver. - photocard list-20260927T144026Z-1-001/IVE English ver. - photocard list/06 - japan wave,08-all.JPG,,3295,3295,95,167
IVE English ver. - photocard list-20260927T144026Z-1-001/IVE English ver. - photocard list/06 - japan wave,09-allphotocard.JPG,,1805,3906,69,166
IVE English ver. - photocard list-20260927T144026Z-1-001/IVE English ver. - photocard list/06 - japan wave,10-album photocard.JPG,,1826,1826,24,165
IVE English ver. - photocard list-20260927T144026Z-1-001/IVE English ver. - photocard list/06 - japan wave,11-AB.JPG,,1772,1772,7,331
IVE English ver. - photocard list-20260927T144026Z-1-001/IVE English ver. - photocard list/06 - japan wave,12-C.JPG,,1772,1772,6,331
IVE English ver. - photocard list-20260927T144026Z-1-001/IVE English ver. - photocard list/06 - japan wave,13-normal.JPG,,1772,1772,5,216
IVE English ver. - photocard list-20260927T144026Z-1-001/IVE English ver. - photocard list/06 - japan wave,14-dive.JPG,,1772,1772,6,216
IVE English ver. - photocard list-20260927T144026Z-1-001/IVE English ver. - photocard list/06 - japan wave,15-sonymusic.JPG,,1772,1772,5,331
IVE English ver. - photocard list-20260927T144026Z-1-001/IVE English ver. - photocard list/06 - japan wave,16-全国cd特典.JPG,,1772,1772,6,331
IVE English ver. - photocard list-20260927T144026Z-1-001/IVE English ver. - photocard list/06 - japan wave,17-抽選会.JPG,,1772,1772,8,331
IVE English ver. - photocard list-20260927T144026Z-1-001/IVE English ver. - photocard list/06 - japan wave,18-soundwave.JPG,,1772,1772,6,331
IVE English ver. - photocard list-20260927T144026Z-1-001/IVE English ver. - photocard list/06 - japan wave,19-hitouch.JPG,,1890,1890,11,243
IVE English ver. - photocard list-20260927T144026Z-1-001/IVE English ver. - photocard list/06 - japan wave,20-towerrecords.JPG,,1772,1772,6,331
IVE English ver. - photocard list-20260927T144026Z-1-001/IVE English ver. - photocard list/06 - japan wave,21-hmv.JPG,,1772,1772,6,331
IVE English ver. - photocard list-20260927T144026Z-1-001/IVE English ver. - photocard list/07 - 2022ssgt,01-gaeul.JPG,,1890,1890,6,249
IVE English ver. - photocard list-20260927T144026Z-1-001/IVE English ver. - photocard list/07 - 2022ssgt,02-yujin.JPG,,1890,1890,5,249
IVE English ver. - photocard list-20260927T144026Z-1-001/IVE English ver. - photocard list/07 - 2022ssgt,03-rei.JPG,,1890,1890,5,249
IVE English ver. - photocard list-20260927T144026Z-1-001/IVE English ver. - photocard list/07 - 2022ssgt,04-wonyoung.JPG,,1890,1890,6,249
IVE English ver. - photocard list-20260927T144026Z-1-001/IVE English ver. - photocard list/07 - 2022ssgt,05-liz.JPG,,1890,1890,8,249
IVE English ver. - photocard list-20260927T144026Z-1-001/IVE English ver. - photocard list/07 - 2022ssgt,06-leeseo.JPG,,1890,1890,7,249
IVE English ver. - photocard list-20260927T144026Z-1-001/IVE English ver. - photocard list/07 - 2022ssgt,07-all.JPG,,2598,3898,37,250
IVE English ver. - photocard list-20260927T144026Z-1-001/IVE English ver. - photocard list/07 - 2022ssgt,08-photocard.JPG,,1890,1890,8,348
IVE English ver. - photocard list-20260927T144026Z-1-001/IVE English ver. - photocard list/07 - 2022ssgt,09-polaroid.JPG,,1890,1890,2,53
IVE English ver. - photocard list-20260927T144026Z-1-001/IVE English ver. - photocard list/07 - 2022ssgt,10-bookmark.JPG,,1890,1890,0,0
IVE English ver. - photocard list-20260927T144026Z-1-001/IVE English ver. - photocard list/07 - 2022ssgt,11-postcard.JPG,,1890,1890,9,315
IVE English ver. - photocard list-20260927T144026Z-1-001/IVE English ver. - photocard list/07 - 2022ssgt,12-starship square.JPG,,1890,1890,8,347
IVE English ver. - photocard list-20260927T144026Z-1-001/IVE English ver. - photocard list/07 - 2022ssgt,13-synnara.JPG,,1890,1890,7,347
IVE English ver. - photocard list-20260927T144026Z-1-001/IVE English ver. - photocard list/07 - 2022ssgt,14-soundwave.JPG,,1890,1890,7,347
IVE English ver. - photocard list-20260927T144026Z-1-001/IVE English ver. - photocard list/07 - 2022ssgt,15-soundcontents.JPG,,1890,1890,8,347
IVE English ver. - photocard list-20260927T144026Z-1-001/IVE English ver. - photocard list/08 - 2023ssgt,01.JPG,,1890,1890,9,249
IVE English ver. - photocard list-20260927T144026Z-1-001/IVE English ver. - photocard list/08 - 2023ssgt,02.JPG,,1890,1890,10,249
IVE English ver. - photocard list-20260927T144026Z-1-001/IVE English ver. - photocard list/08 - 2023ssgt,03.JPG,,1890,1890,10,249
IVE English ver. - photocard list-20260927T144026Z-1-001/IVE English ver. - photocard list/08 - 2023ssgt,04.JPG,,1890,1890,10,249
IVE English ver. - photocard list-20260927T144026Z-1-001/IVE English ver. - photocard list/08 - 2023ssgt,05.JPG,,1890,1890,10,249
IVE English ver. - photocard list-20260927T144026Z-1-001/IVE English ver. - photocard list/08 - 2023ssgt,06.JPG,,1890,1890,11,249
IVE English ver. - photocard list-20260927T144026Z-1-001/IVE English ver. - photocard list/08 - 2023ssgt,07-all.JPG,,2598,4619,59,250
IVE English ver. - photocard list-20260927T144026Z-1-001/IVE English ver. - photocard list/08 - 2023ssgt,08-photocard.JPG,,2598,2598,27,250
IVE English ver. - photocard list-20260927T144026Z-1-001/IVE English ver. - photocard list/08 - 2023ssgt,09-box photocard.JPG,,1890,1890,6,348
IVE English ver. - photocard list-20260927T144026Z-1-001/IVE English ver. - photocard list/08 - 2023ssgt,10-id photo.JPG,,1890,1890,6,315
IVE English ver. - photocard list-20260927T144026Z-1-001/IVE English ver. - photocard list/08 - 2023ssgt,11-club application.JPG,,1890,1890,6,122
IVE English ver. - photocard list-20260927T144026Z-1-001/IVE English ver. - photocard list/08 - 2023ssgt,12-poster calendar.JPG,,1890,1890,13,279
IVE English ver. - photocard list-20260927T144026Z-1-001/IVE English ver. - photocard list/08 - 2023ssgt,13-starship.JPG,,1890,1890,5,348
IVE English ver. - photocard list-20260927T144026Z-1-001/IVE English ver. - photocard list/08 - 2023ssgt,14-ktown4u.JPG,,1890,1890,7,348
IVE English ver. - photocard list-20260927T144026Z-1-001/IVE English ver. - photocard list/08 - 2023ssgt,15-synnara.JPG,,1890,1890,6,348
IVE English ver. - photocard list-20260927T144026Z-1-001/IVE English ver. - photocard list/08 - 2023ssgt,16-sw photocard.JPG,,1890,1890,6,348
IVE English ver. - photocard list-20260927T144026Z-1-001/IVE English ver. - photocard list/08 - 2023ssgt,17-sw postcard.JPG,,1890,1890,6,354
IVE English ver. - photocard list-20260927T144026Z-1-001/IVE English ver. - photocard list/09 - fancon,01-gaeul.JPG,,1890,2520,18,228
IVE English ver. - photocard list-20260927T144026Z-1-001/IVE English ver. - photocard list/09 - fancon,02-yujin.JPG,,1890,2520,19,228
IVE English ver. - photocard list-20260927T144026Z-1-001/IVE English ver. - photocard list/09 - fancon,03-rei.JPG,,1890,2520,17,228
IVE English ver. - photocard list-20260927T144026Z-1-001/IVE English ver. - photocard list/09 - fancon,04-wonyoung.JPG,,1890,2520,18,228
IVE English ver. - photocard list-20260927T144026Z-1-001/IVE English ver. - photocard list/09 - fancon,05-liz.JPG,,1890,2520,17,228
IVE English ver. - photocard list-20260927T144026Z-1-001/IVE English ver. - photocard list/09 - fancon,06-leeseo.JPG,,1890,2520,17,228
IVE English ver. - photocard list-20260927T144026Z-1-001/IVE English ver. - photocard list/09 - fancon,07-all.JPG,,3307,3307,104,167
IVE English ver. - photocard list-20260927T144026Z-1-001/IVE English ver. - photocard list/09 - fancon,08-korea photocard.JPG,,1890,2519,29,193
IVE English ver. - photocard list-20260927T144026Z-1-001/IVE English ver. - photocard list/09 - fancon,09-Japan photocard.JPG,,1890,1890,12,252
IVE English ver. - photocard list-20260927T144026Z-1-001/IVE English ver. - photocard list/09 - fancon,10-corsage.JPG,,1890,1890,6,348
IVE English ver. - photocard list-20260927T144026Z-1-001/IVE English ver. - photocard list/09 - fancon,11-tiara.JPG,,1890,1890,6,348
IVE English ver. - photocard list-20260927T144026Z-1-001/IVE English ver. - photocard list/09 - fancon,12-1st dive.JPG,,1890,1890,12,244
IVE English ver. - photocard list-20260927T144026Z-1-001/IVE English ver. - photocard list/09 - fancon,13-deco set.JPG,,1890,1890,9,347
IVE English ver. - photocard list-20260927T144026Z-1-001/IVE English ver. - photocard list/09 - fancon,14-binder.JPG,,1890,1890,6,348
IVE English ver. - photocard list-20260927T144026Z-1-001/IVE English ver. - photocard list/09 - fancon,15-holder.JPG,,1890,1890,6,348
IVE English ver. - photocard list-20260927T144026Z-1-001/IVE English ver. - photocard list/09 - fancon,16-postcard.JPG,,1890,1890,7,345
IVE English ver. - photocard list-20260927T144026Z-1-001/IVE English ver. - photocard list/09 - fancon,17-poster.JPG,,1890,1890,7,361
IVE English ver. - photocard list-20260927T144026Z-1-001/IVE English ver. - photocard list/09 - fancon,18-ticket.JPG,,1890,1890,0,0
IVE English ver. - photocard list-20260927T144026Z-1-001/IVE English ver. - photocard list/09 - fancon,19-acrylic kit.JPG,,1890,1890,8,90
IVE English ver. - photocard list-20260927T144026Z-1-001/IVE English ver. - photocard list/09 - fancon,20-wappen pin button.JPG,,1890,1890,0,0
IVE English ver. - photocard list-20260927T144026Z-1-001/IVE English ver. - photocard list/09 - fancon,21-image picket.JPG,,1890,1890,0,0
IVE English ver. - photocard list-20260927T144026Z-1-001/IVE English ver. - photocard list/09 - fancon,22-superstar starship.JPG,,1890,1890,18,232
IVE English ver. - photocard list-20260927T144026Z-1-001/IVE English ver. - photocard list/09 - fancon,23-superstar1.JPG,,1890,1890,6,347
IVE English ver. - photocard list-20260927T144026Z-1-001/IVE English ver. - photocard list/09 - fancon,24-superstar2.JPG,,1890,1890,6,348
IVE English ver. - photocard list-20260927T144026Z-1-001/IVE English ver. - photocard list/09 - fancon,25-superstar3.JPG,,1890,1890,6,348
IVE English ver. - photocard list-20260927T144026Z-1-001/IVE English ver. - photocard list/10 - 1st fanclub,01-all.JPG,,1890,1890,16,167
IVE English ver. - photocard list-20260927T144026Z-1-001/IVE English ver. - photocard list/10 - 1st fanclub,02-photocard.JPG,,1890,1890,7,331
IVE English ver. - photocard list-20260927T144026Z-1-001/IVE English ver. - photocard list/10 - 1st fanclub,03-poster.JPG,,1890,1890,7,371
IVE English ver. - photocard list-20260927T144026Z-1-001/IVE English ver. - photocard list/10 - 1st fanclub,04-gaeul.JPG,,1890,1890,2,48
IVE English ver. - photocard list-20260927T144026Z-1-001/IVE English ver. - photocard list/10 - 1st fanclub,05-yujin.JPG,,1890,1890,1,130
IVE English ver. - photocard list-20260927T144026Z-1-001/IVE English ver. - photocard list/10 - 1st fanclub,06-rei.JPG,,1890,1890,1,60
IVE English ver. - photocard list-20260927T144026Z-1-001/IVE English ver. - photocard list/10 - 1st fanclub,07-wonyoung.JPG,,1890,1890,2,52
IVE English ver. - photocard list-20260927T144026Z-1-001/IVE English ver. - photocard list/10 - 1st fanclub,08-liz.JPG,,1890,1890,0,0
IVE English ver. - photocard list-20260927T144026Z-1-001/IVE English ver. - photocard list/10 - 1st fanclub,09-leeseo.JPG,,1890,1890,2,53
IVE English ver. - photocard list-20260927T144026Z-1-001/IVE English ver. - photocard list/10 - 1st fanclub,10-jp fc.JPG,,1890,1890,7,331
IVE English ver. - photocard list-20260927T144026Z-1-001/IVE English ver. - photocard list/11 - pepsi,01-pepsi all.JPG,,1980,2640,21,207
IVE English ver. - photocard list-20260927T144026Z-1-001/IVE English ver. - photocard list/11 - pepsi,02-wonyoung all.JPG,,1890,1890,8,296
IVE English ver. - photocard list-20260927T144026Z-1-001/IVE English ver. - photocard list/11 - pepsi,03-leeseo all.JPG,,1890,1890,8,297
IVE English ver. - photocard list-20260927T144026Z-1-001/IVE English ver. - photocard list/11 - pepsi,04-photocard.JPG,,1890,1890,8,281
IVE English ver. - photocard list-20260927T144026Z-1-001/IVE English ver. - photocard list/11 - pepsi,05-r1.JPG,,1890,1890,4,364
IVE English ver. - photocard list-20260927T144026Z-1-001/IVE English ver. - photocard list/11 - pepsi,06-r2.JPG,,1890,1890,4,364
IVE English ver. - photocard list-20260927T144026Z-1-001/IVE English ver. - photocard list/11 - pepsi,07-r1 wonyoung.JPG,,1890,1890,0,0
IVE English ver. - photocard list-20260927T144026Z-1-001/IVE English ver. - photocard list/11 - pepsi,08-r1 leeseo.JPG,,1890,1890,0,0
IVE English ver. - photocard list-20260927T144026Z-1-001/IVE English ver. - photocard list/11 - pepsi,09-r2 wonyoung.JPG,,1890,1890,0,0
IVE English ver. - photocard list-20260927T144026Z-1-001/IVE English ver. - photocard list/11 - pepsi,10-r2 leeseo.JPG,,1890,1890,0,0
IVE English ver. - photocard list-20260927T144026Z-1-001/IVE English ver. - photocard list/11 - pepsi,11-50set.JPG,,1890,1890,0,0
IVE English ver. - photocard list-20260927T144026Z-1-001/IVE English ver. - photocard list/11 - pepsi,12-wonyoung 50 set.JPG,,1890,1890,1,360
IVE English ver. - photocard list-20260927T144026Z-1-001/IVE English ver. - photocard list/11 - pepsi,13-leeseo 50 set.JPG,,1890,1890,1,360
IVE English ver. - photocard list-20260927T144026Z-1-001/IVE English ver. - photocard list/11 - pepsi,14-sticker.JPG,,1890,1890,4,94
IVE English ver. - photocard list-20260927T144026Z-1-001/IVE English ver. - photocard list/11 - pepsi,15-magnet.JPG,,1890,1890,6,333
IVE English ver. - photocard list-20260927T144026Z-1-001/IVE English ver. - photocard list/12 - scawaii,01-postcard.JPG,,1890,1890,6,339
IVE English ver. - photocard list-20260927T144026Z-1-001/IVE English ver. - photocard list/12 - scawaii,02-photocard.JPG,,1890,1890,6,331
IVE English ver. - photocard list-20260927T144026Z-1-001/IVE English ver. - photocard list/12 - scawaii,03-bromide.JPG,,1890,1890,7,358
IVE English ver. - photocard list-20260927T144026Z-1-001/IVE English ver. - photocard list/12 - scawaii,04-ive.JPG,,1890,1890,18,209
IVE English ver. - photocard list-20260927T144026Z-1-001/IVE English ver. - photocard list/13 - other,mbc open broadcast.JPG,,1890,1890,7,348
IVE English ver. - photocard list-20260927T144026Z-1-001/IVE English ver. - photocard list/13 - other,postcard.JPG,,1890,1890,0,0
IVE English ver. - photocard list-20260927T144026Z-1-001/IVE English ver. - photocard list/13 - other,sbs open broadcast.JPG,,1890,1890,10,330
IVE English ver. - photocard list-20260927T144026Z-1-001/IVE English ver. - photocard list/13 - other,unikon.JPG,,1890,1890,7,331
IVE English ver. - photocard list-20260927T144026Z-1-001/IVE English ver. - photocard list/13 - other,vcoloring.JPG,,1890,2519,9,347
IVE English ver. - photocard list-20260927T144026Z-1-001/IVE English ver. - photocard list/13 - other,vivi.JPG,,1890,1890,6,340
IVE English ver. - photocard list-20260927T144026Z-1-001/IVE English ver. - photocard list/13 - other,お見送り会.JPG,,1890,1890,7,331
IVE English ver. - photocard list-20260927T144026Z-1-001/IVE English ver. - photocard list/2024ssgt,IMG_4419.JPG,,1890,1890,8,249
IVE English ver. - photocard list-20260927T144026Z-1-001/IVE English ver. - photocard list/2024ssgt,IMG_4421.JPG,,1890,1890,8,249
IVE English ver. - photocard list-20260927T144026Z-1-001/IVE English ver. - photocard list/2024ssgt,IMG_4423.JPG,,1890,1890,8,249
IVE English ver. - photocard list-20260927T144026Z-1-001/IVE English ver. - photocard list/2024ssgt,IMG_4425.JPG,,1890,1890,10,249
IVE English ver. - photocard list-20260927T144026Z-1-001/IVE English ver. - photocard list/2024ssgt,IMG_4427.JPG,,1890,1890,10,249
IVE English ver. - photocard list-20260927T144026Z-1-001/IVE English ver. - photocard list/2024ssgt,IMG_4429.JPG,,1890,1890,8,246
IVE English ver. - photocard list-20260927T144026Z-1-001/IVE English ver. - photocard list/2024ssgt,IMG_4431.JPG,,2598,3464,37,250
IVE English ver. - photocard list-20260927T144026Z-1-001/IVE English ver. - photocard list/2024ssgt,IMG_4433.JPG,,2598,2598,30,250
IVE English ver. - photocard list-20260927T144026Z-1-001/IVE English ver. - photocard list/2024ssgt,IMG_4435.JPG,,2407,2407,17,244
IVE English ver. - photocard list-20260927T144026Z-1-001/IVE English ver. - photocard list/2024ssgt,IMG_4437.JPG,,1890,1890,10,344
IVE English ver. - photocard list-20260927T144026Z-1-001/IVE English ver. - photocard list/2024ssgt,IMG_4439.JPG,,1890,1890,9,348
IVE English ver. - photocard list-20260927T144026Z-1-001/IVE English ver. - photocard list/2024ssgt,IMG_4441.JPG,,1890,1890,10,331
IVE English ver. - photocard list-20260927T144026Z-1-001/IVE English ver. - photocard list/2024ssgt,IMG_4443.JPG,,1890,1890,10,347
IVE English ver. - photocard list-20260927T144026Z-1-001/IVE English ver. - photocard list/2024ssgt,IMG_4445.JPG,,1890,1890,9,347
IVE English ver. - photocard list-20260927T144026Z-1-001/IVE English ver. - photocard list/2024ssgt,IMG_4447.JPG,,1890,1890,10,344
IVE English ver. - photocard list-20260927T144026Z-1-001/IVE English ver. - photocard list/2024ssgt,IMG_4449.JPG,,1890,1890,3,109
IVE English ver. - photocard list-20260927T144026Z-1-001/IVE English ver. - photocard list/2nd fanclub,IMG_0584.JPG,,1772,1772,5,330
IVE English ver. - photocard list-20260927T144026Z-1-001/IVE English ver. - photocard list/2nd fanclub,IMG_0596.JPG,,1772,1772,5,330
IVE English ver. - photocard list-20260927T144026Z-1-001/IVE English ver. - photocard list/2nd fanclub,IMG_0600.JPG,,1772,1772,6,330
IVE English ver. - photocard list-20260927T144026Z-1-001/IVE English ver. - photocard list/I_VE MINE,01.JPG,,1980,2640,79,127
IVE English ver. - photocard list-20260927T144026Z-1-001/IVE English ver. - photocard list/I_VE MINE,02.JPG,,1980,2640,78,127
IVE English ver. - photocard list-20260927T144026Z-1-001/IVE English ver. - photocard list/I_VE MINE,04(1).JPG,,1980,2640,79,127
IVE English ver. - photocard list-20260927T144026Z-1-001/IVE English ver. - photocard list/I_VE MINE,04.JPG,,1980,2640,77,127
IVE English ver. - photocard list-20260927T144026Z-1-001/IVE English ver. - photocard list/I_VE MINE,05.JPG,,1980,2640,77,127
IVE English ver. - photocard list-20260927T144026Z-1-001/IVE English ver. - photocard list/I_VE MINE,06.JPG,,1980,2640,79,127
IVE English ver. - photocard list-20260927T144026Z-1-001/IVE English ver. - photocard list/I_VE MINE,08-album pc.JPG,,1736,2315,36,166
IVE English ver. - photocard list-20260927T144026Z-1-001/IVE English ver. - photocard list/I_VE MINE,09-3pb.JPG,,1736,2598,40,166
IVE English ver. - photocard list-20260927T144026Z-1-001/IVE English ver. - photocard list/I_VE MINE,10-lovedive.JPG,,1736,1736,18,165
IVE English ver. - photocard list-20260927T144026Z-1-001/IVE English ver. - photocard list/I_VE MINE,11-digipack.JPG,,1736,1736,6,165
IVE English ver. - photocard list-20260927T144026Z-1-001/IVE English ver. - photocard list/I_VE MINE,13-broadcast1.JPG,,1890,1890,6,331
IVE English ver. - photocard list-20260927T144026Z-1-001/IVE English ver. - photocard list/I_VE MINE,14-broadcast2.JPG,,1890,1890,6,331
IVE English ver. - photocard list-20260927T144026Z-1-001/IVE English ver. - photocard list/I_VE MINE,15-broadcast.JPG,,1890,1890,13,215
IVE English ver. - photocard list-20260927T144026Z-1-001/IVE English ver. - photocard list/I_VE MINE,16-digipackssq.JPG,,1890,1890,6,331
IVE English ver. - photocard list-20260927T144026Z-1-001/IVE English ver. - photocard list/I_VE MINE,17-6+3.JPG,,1890,2519,14,314
IVE English ver. - photocard list-20260927T144026Z-1-001/IVE English ver. - photocard list/I_VE MINE,18-pb4.JPG,,1890,1890,11,313
IVE English ver. - photocard list-20260927T144026Z-1-001/IVE English ver. - photocard list/I_VE MINE,19-lovedive ssq.JPG,,1890,1890,0,0
IVE English ver. - photocard list-20260927T144026Z-1-001/IVE English ver. - photocard list/I_VE MINE,20-pbssq.JPG,,1890,1890,12,215
IVE English ver. - photocard list-20260927T144026Z-1-001/IVE English ver. - photocard list/I_VE MINE,21-k41.JPG,,1890,1890,6,331
IVE English ver. - photocard list-20260927T144026Z-1-001/IVE English ver. - photocard list/I_VE MINE,22-namil1.JPG,,1890,1890,6,331
IVE English ver. - photocard list-20260927T144026Z-1-001/IVE English ver. - photocard list/I_VE MINE,23-sw1.JPG,,1890,1890,6,331
IVE English ver. - photocard list-20260927T144026Z-1-001/IVE English ver. - photocard list/I_VE MINE,24-wm1.JPG,,1890,1890,6,331
IVE English ver. - photocard list-20260927T144026Z-1-001/IVE English ver. - photocard list/I_VE MINE,25-kakao.JPG,,1890,1890,6,331
IVE English ver. - photocard list-20260927T144026Z-1-001/IVE English ver. - photocard list/I_VE MINE,26-idou2.JPG,,1890,1890,6,331
IVE English ver. - photocard list-20260927T144026Z-1-001/IVE English ver. - photocard list/I_VE MINE,26-idoustage.JPG,,1890,1890,6,331
IVE English ver. - photocard list-20260927T144026Z-1-001/IVE English ver. - photocard list/I_VE MINE,27-kms1.JPG,,1890,1890,6,331
IVE English ver. - photocard list-20260927T144026Z-1-001/IVE English ver. - photocard list/I_VE MINE,28-mmt.JPG,,1890,1890,7,331
IVE English ver. - photocard list-20260927T144026Z-1-001/IVE English ver. - photocard list/I_VE MINE,29-towerrecord.JPG,,1890,1890,13,215
IVE English ver. - photocard list-20260927T144026Z-1-001/IVE English ver. - photocard list/I_VE MINE,30-am.JPG,,1890,1890,6,331
IVE English ver. - photocard list-20260927T144026Z-1-001/IVE English ver. - photocard list/I_VE MINE,31-namil2.JPG,,1890,1890,6,331
IVE English ver. - photocard list-20260927T144026Z-1-001/IVE English ver. - photocard list/I_VE MINE,32-k42.jpg,,1890,1890,6,331
IVE English ver. - photocard list-20260927T144026Z-1-001/IVE English ver. - photocard list/I_VE MINE,33-br.JPG,,1890,1890,6,331
IVE English ver. - photocard list-20260927T144026Z-1-001/IVE English ver. - photocard list/I_VE MINE,34-sw2.JPG,,1890,1890,12,200
IVE English ver. - photocard list-20260927T144026Z-1-001/IVE English ver. - photocard list/I_VE MINE,35-wm2.JPG,,1890,1890,12,199
IVE English ver. - photocard list-20260927T144026Z-1-001/IVE English ver. - photocard list/I_VE MINE,36-wm3.JPG,,1890,1890,6,331
IVE English ver. - photocard list-20260927T144026Z-1-001/IVE English ver. - photocard list/I_VE MINE,37-kms2.JPG,,1890,1890,6,331
IVE English ver. - photocard list-20260927T144026Z-1-001/IVE English ver. - photocard list/I_VE MINE,38-sw3.JPG,,1890,1890,6,331
IVE English ver. - photocard list-20260927T144026Z-1-001/IVE English ver. - photocard list/I_VE MINE,39-taiwan.JPG,,1890,1890,6,331
IVE English ver. - photocard list-20260927T144026Z-1-001/IVE English ver. - photocard list/I_VE MINE,40-sw4.JPG,,1890,1890,18,215
IVE English ver. - photocard list-20260927T144026Z-1-001/IVE English ver. - photocard list/I_VE MINE,41-ms.JPG,,1890,1890,7,292
IVE English ver. - photocard list-20260927T144026Z-1-001/IVE English ver. - photocard list/I_VE MINE,42-am2.JPG,,1890,1890,6,331
IVE English ver. - photocard list-20260927T144026Z-1-001/IVE English ver. - photocard list/I_VE MINE,43-us.JPG,,1890,1890,8,331
IVE English ver. - photocard list-20260927T144026Z-1-001/IVE English ver. - photocard list/I_VE MINE,45-kms3.JPG,,1890,1890,6,331
IVE English ver. - photocard list-20260927T144026Z-1-001/IVE English ver. - photocard list/I_VE MINE,46-wm4.JPG,,1890,1890,6,331
IVE English ver. - photocard list-20260927T144026Z-1-001/IVE English ver. - photocard list/I_VE MINE,47-musicart.JPG,,1890,2362,7,331
IVE English ver. - photocard list-20260927T144026Z-1-001/IVE English ver. - photocard list/I_VE MINE,48-hottracks.JPG,,1890,2362,6,331
IVE English ver. - photocard list-20260927T144026Z-1-001/IVE English ver. - photocard list/I_VE MINE,49-mmt2.JPG,,1890,1890,6,331
IVE English ver. - photocard list-20260927T144026Z-1-001/IVE English ver. - photocard list/I_VE MINE,50-sw5.JPG,,1890,1890,12,216
IVE English ver. - photocard list-20260927T144026Z-1-001/IVE English ver. - photocard list/I_VE MINE,51-namil3.JPG,,1890,1890,7,331
IVE English ver. - photocard list-20260927T144026Z-1-001/IVE English ver. - photocard list/I_VE MINE,53-jp day2.JPG,,1890,1890,7,331
IVE English ver. - photocard list-20260927T144026Z-1-001/IVE English ver. - photocard list/I_VE MINE,54-hitouch.JPG,,1890,1890,6,331
IVE English ver. - photocard list-20260927T144026Z-1-001/IVE English ver. - photocard list/I_VE MINE,55-towerrecord2.JPG,,1890,1890,6,331
IVE English ver. - photocard list-20260927T144026Z-1-001/IVE English ver. - photocard list/I_VE MINE,56-sw6.JPG,,1890,1890,6,331
IVE English ver. - photocard list-20260927T144026Z-1-001/IVE English ver. - photocard list/I_VE MINE,57-ms2.JPG,,1890,1890,6,331
IVE English ver. - photocard list-20260927T144026Z-1-001/IVE English ver. - photocard list/I_VE MINE,58-wm5.JPG,,1890,1890,7,331
IVE English ver. - photocard list-20260927T144026Z-1-001/IVE English ver. - photocard list/I_VE MINE,59-1-wm6.JPG,,1890,1890,19,215
IVE English ver. - photocard list-20260927T144026Z-1-001/IVE English ver. - photocard list/I_VE MINE,59-2-wm6(1).JPG,,1890,1890,7,331
IVE English ver. - photocard list-20260927T144026Z-1-001/IVE English ver. - photocard list/I_VE MINE,59-2-wm6.JPG,,1890,1890,6,331
IVE English ver. - photocard list-20260927T144026Z-1-001/IVE English ver. - photocard list/I_VE MINE,60-busan.JPG,,1890,1890,8,327
IVE English ver. - photocard list-20260927T144026Z-1-001/IVE English ver. - photocard list/I_VE MINE,61-daegu.JPG,,1890,1890,6,331
IVE English ver. - photocard list-20260927T144026Z-1-001/IVE English ver. - photocard list/I_VE MINE,62-gwangju.JPG,,1890,1890,6,331
IVE English ver. - photocard list-20260927T144026Z-1-001/IVE English ver. - photocard list/I_VE MINE,63-daejeon.JPG,,1890,1890,6,331
IVE English ver. - photocard list-20260927T144026Z-1-001/IVE English ver. - photocard list/I_VE MINE,64-sw11Xmas.JPG,,1890,1890,6,331
IVE English ver. - photocard list-20260927T144026Z-1-001/IVE English ver. - photocard list/I_VE MINE,65-yzy1.JPG,,1890,1890,6,331
IVE English ver. - photocard list-20260927T144026Z-1-001/IVE English ver. - photocard list/I_VE MINE,66-kms4.JPG,,1890,1890,6,331
IVE English ver. - photocard list-20260927T144026Z-1-001/IVE English ver. - photocard list/I_VE MINE,67-Thailand.JPG,,1890,1890,7,331
IVE English ver. - photocard list-20260927T144026Z-1-001/IVE English ver. - photocard list/I_VE MINE,68-mmt3.JPG,,1890,1890,6,331
IVE English ver. - photocard list-20260927T144026Z-1-001/IVE English ver. - photocard list/I_VE MINE,69-yzy2.JPG,,1890,1890,6,331
IVE English ver. - photocard list-20260927T144026Z-1-001/IVE English ver. - photocard list/I_VE MINE,IMG_8248.JPG,,5443,7795,410,167
IVE English ver. - photocard list-20260927T144026Z-1-001/IVE English ver. - photocard list/world tour,01-gaeul.JPG,,1980,2640,33,213
IVE English ver. - photocard list-20260927T144026Z-1-001/IVE English ver. - photocard list/world tour,02-yujin.JPG,,1980,2640,36,213
IVE English ver. - photocard list-20260927T144026Z-1-001/IVE English ver. - photocard list/world tour,03-rei.JPG,,1980,2640,37,213
IVE English ver. - photocard list-20260927T144026Z-1-001/IVE English ver. - photocard list/world tour,04-wonyoung.JPG,,1980,2640,33,213
IVE English ver. - photocard list-20260927T144026Z-1-001/IVE English ver. - photocard list/world tour,05-liz.JPG,,1980,2640,33,213
IVE English ver. - photocard list-20260927T144026Z-1-001/IVE English ver. - photocard list/world tour,06-leeseo.JPG,,1980,2640,35,213
IVE English ver. - photocard list-20260927T144026Z-1-001/IVE English ver. - photocard list/world tour,07-all.JPG,,3189,4252,144,167
IVE English ver. - photocard list-20260927T144026Z-1-001/IVE English ver. - photocard list/world tour,08-random pc.JPG,,2646,2646,45,233
IVE English ver. - photocard list-20260927T144026Z-1-001/IVE English ver. - photocard list/world tour,09-japan random.JPG,,1890,1890,17,250
IVE English ver. - photocard list-20260927T144026Z-1-001/IVE English ver. - photocard list/world tour,10-md pc.JPG,,1840,1840,34,166
IVE English ver. - photocard list-20260927T144026Z-1-001/IVE English ver. - photocard list/world tour,11-photo kit.JPG,,1890,1890,10,348
IVE English ver. - photocard list-20260927T144026Z-1-001/IVE English ver. - photocard list/world tour,12-photo kit.JPG,,1890,1890,63,64
IVE English ver. - photocard list-20260927T144026Z-1-001/IVE English ver. - photocard list/world tour,13-poca binder.JPG,,1890,1890,10,348
IVE English ver. - photocard list-20260927T144026Z-1-001/IVE English ver. - photocard list/world tour,14-poca holder.JPG,,1890,1890,12,207
IVE English ver. - photocard list-20260927T144026Z-1-001/IVE English ver. - photocard list/world tour,15-cross bag.JPG,,1890,1890,10,344
IVE English ver. - photocard list-20260927T144026Z-1-001/IVE English ver. - photocard list/world tour,16-necklace.JPG,,1890,1890,11,347
IVE English ver. - photocard list-20260927T144026Z-1-001/IVE English ver. - photocard list/world tour,17-postcard.JPG,,1890,1890,11,312
IVE English ver. - photocard list-20260927T144026Z-1-001/IVE English ver. - photocard list/world tour,18-2nd fanclub.JPG,,1890,1890,16,245
IVE English ver. - photocard list-20260927T144026Z-1-001/IVE English ver. - photocard list/world tour,19-2nd fanclub1.JPG,,1890,1890,10,348
IVE English ver. - photocard list-20260927T144026Z-1-001/IVE English ver. - photocard list/world tour,20-2nd fanclub2.JPG,,1890,1890,13,116
IVE English ver. - photocard list-20260927T144026Z-1-001/IVE English ver. - photocard list/world tour,21-superstar starship.JPG,,1701,3024,58,166
IVE English ver. - photocard list-20260927T144026Z-1-001/IVE English ver. - photocard list/world tour,22-phone tab.JPG,,1890,1890,7,337
IVE English ver. - photocard list-20260927T144026Z-1-001/IVE English ver. - photocard list/world tour,23-phone tab pc.JPG,,1890,1890,6,347
