job,images,median_w,min_w,max_w
After LIKE,240,172,172,180
broadcast,12,336,329,348
collab,15,347,330,348
eleven,174,165,116,332
empathy,372,87,75,89
fanclub,30,331,329,371
fancon,108,165,128,180
iveive,225,246,196,248
jp_eleven,90,333,253,494
lovedive,216,165,128,331
lucid,167,161,144,164
magazine,24,340,330,360
mine,426,127,102,137
misc_eleven,14,314,305,331
pepsi,10,518,517,562
revive,486,120,100,132
secret,507,77,66,93
ssgt2022,48,347,222,348
ssgt2023,60,348,120,355
ssgt2024,43,347,242,348
switch,432,224,209,227
tour1,132,165,142,188
wave,72,288,165,331
wonyoung,89,165,51,247
