member,source,version,best,second,min_block,old_w,new_w,sheet,result
ガウル,本体封入,ver.1,0.647,0.492,0.0,384,190,20220402_074217000_iOS 2 1.jpg,
ユジン,本体封入,ver.1,0.578,0.56,0.0,384,278,20220402_074217000_iOS 9.jpg,
レイ,本体封入,ver.1,0.649,0.599,0.0,331,272,20220402_074217000_iOS 1 4.jpg,
ウォニョン,本体封入,ver.1,0.608,0.6,0.0,384,293,20220402_074217000_iOS 12.jpg,
リズ,本体封入,ver.1,0.371,0.368,0.0,384,318,20220402_074217000_iOS 1 1.jpg,
イソ,本体封入,ver.1,0.551,0.538,0.0,384,268,20220402_074217000_iOS 3.jpg,
ガウル,本体封入,ver.2,0.567,0.515,0.0,386,318,20220402_074217000_iOS 2.jpg,
ユジン,本体封入,ver.2,0.659,0.558,0.0,386,318,20220402_074217000_iOS 8.jpg,
レイ,本体封入,ver.2,0.511,0.405,0.0,386,292,20220402_074217000_iOS 12.jpg,
ウォニョン,本体封入,ver.2,0.695,0.673,0.0,386,309,20220402_074217000_iOS 1 1.jpg,
リズ,本体封入,ver.2,0.435,0.415,0.0,386,318,20220402_074217000_iOS 2 2.jpg,
イソ,本体封入,ver.2,0.821,0.748,0.0,386,267,20220402_074217000_iOS 1 2.jpg,
ガウル,本体封入,ver.3,0.532,0.52,0.0,388,292,20220402_074217000_iOS 1 3.jpg,
ユジン,本体封入,ver.3,0.59,0.443,0.0,388,267,20220402_074217000_iOS 9.jpg,
レイ,本体封入,ver.3,0.364,0.35,0.0,388,317,20220402_074217000_iOS 7 1.jpg,
ウォニョン,本体封入,ver.3,0.539,0.524,0.0,386,317,20220402_074217000_iOS.jpg,
リズ,本体封入,ver.3,0.386,0.376,0.0,388,317,20220402_074217000_iOS 9.jpg,
イソ,本体封入,ver.3,0.62,0.556,0.0,388,177,20220402_074217000_iOS 1 5.jpg,
ガウル,本体封入,Heart Hologram Card,0.373,0.284,0.0,129,318,20220402_074217000_iOS 1 1.jpg,
ユジン,本体封入,Heart Hologram Card,0.292,0.288,0.0,129,318,20220402_074217000_iOS 1 1.jpg,
レイ,本体封入,Heart Hologram Card,0.316,0.292,0.0,129,167,20220401_162143000_iOS 1 1.jpg,
ウォニョン,本体封入,Heart Hologram Card,0.359,0.329,0.0,129,167,20220401_162143000_iOS 1 1.jpg,
リズ,本体封入,Heart Hologram Card,0.405,0.276,0.0,129,318,20220402_074217000_iOS 1 1.jpg,
イソ,本体封入,Heart Hologram Card,0.296,0.296,0.0,129,267,20220402_074217000_iOS.jpg,
ガウル,グッズ｜POB,Sticker,0.273,0.211,0.0,150,189,20220402_074217000_iOS 11.jpg,
ユジン,グッズ｜POB,Sticker,0.25,0.239,0.0,153,318,20220402_074217000_iOS 4.jpg,
レイ,グッズ｜POB,Sticker,0.333,0.313,0.0,165,281,20220402_074217000_iOS 1 2.jpg,
ウォニョン,グッズ｜POB,Sticker,0.269,0.237,0.0,154,267,20220402_074217000_iOS.jpg,
リズ,グッズ｜POB,Sticker,0.364,0.339,0.0,165,291,20220402_074217000_iOS 2.jpg,
イソ,グッズ｜POB,Sticker,0.46,0.364,0.0,165,317,20220402_074217000_iOS 13.jpg,
ガウル,グッズ｜本体封入,Jewel ver. Photobook,0.633,0.617,0.0,164,318,20220402_074217000_iOS 1 1.jpg,
ユジン,グッズ｜本体封入,Jewel ver. Photobook,0.577,0.492,0.0,163,293,20220402_074217000_iOS 5.jpg,
レイ,グッズ｜本体封入,Jewel ver. Photobook,0.488,0.482,0.0,164,161,20220402_074217000_iOS 2 1.jpg,
ウォニョン,グッズ｜本体封入,Jewel ver. Photobook,0.617,0.596,0.0,164,318,20220402_074217000_iOS 1 1.jpg,
リズ,グッズ｜本体封入,Jewel ver. Photobook,0.604,0.48,0.0,164,317,20220402_074217000_iOS 13.jpg,
イソ,グッズ｜本体封入,Jewel ver. Photobook,0.526,0.516,0.0,164,303,20220402_074217000_iOS 1 4.jpg,
ガウル,本体封入,Jewel ver.,0.467,0.421,0.0,386,293,20220402_074217000_iOS 12.jpg,
ユジン,本体封入,Jewel ver.,0.422,0.42,0.0,386,267,20220402_074217000_iOS 9.jpg,
レイ,本体封入,Jewel ver.,0.203,0.194,0.0,386,293,20220402_074217000_iOS 1 2.jpg,
ウォニョン,本体封入,Jewel ver.,0.339,0.338,0.0,386,317,20220402_074217000_iOS 2 2.jpg,
リズ,本体封入,Jewel ver.,0.422,0.405,0.0,386,189,20220402_074217000_iOS 11.jpg,
イソ,本体封入,Jewel ver.,0.296,0.265,0.0,386,267,20220402_074217000_iOS 5.jpg,
ガウル,グッズ｜本体封入,Jewel ver. 2cut Photo,0.388,0.371,0.0,116,291,20220402_074217000_iOS 8.jpg,
ユジン,グッズ｜本体封入,Jewel ver. 2cut Photo,0.36,0.294,0.0,117,190,20220402_074217000_iOS 7.jpg,
レイ,グッズ｜本体封入,Jewel ver. 2cut Photo,0.28,0.279,0.0,117,316,20220402_074217000_iOS 4 1.jpg,
ウォニョン,グッズ｜本体封入,Jewel ver. 2cut Photo,0.288,0.276,0.0,117,206,20220402_074217000_iOS 1 5.jpg,
リズ,グッズ｜本体封入,Jewel ver. 2cut Photo,0.377,0.37,0.0,117,293,20220402_074217000_iOS 1 2.jpg,
イソ,グッズ｜本体封入,Jewel ver. 2cut Photo,0.326,0.31,0.0,117,318,20220402_074217000_iOS 1 1.jpg,
ガウル,グッズ｜本体封入,Jewel ver. Mini Folded Poster,0.358,0.347,0.0,128,272,20220402_074217000_iOS 1 1.jpg,
ユジン,グッズ｜本体封入,Jewel ver. Mini Folded Poster,0.392,0.362,0.0,128,292,20220402_074217000_iOS 12.jpg,
レイ,グッズ｜本体封入,Jewel ver. Mini Folded Poster,0.342,0.332,0.0,128,176,20220402_074217000_iOS 11.jpg,
ウォニョン,グッズ｜本体封入,Jewel ver. Mini Folded Poster,0.251,0.234,0.0,128,318,20220402_074217000_iOS 5.jpg,
リズ,グッズ｜本体封入,Jewel ver. Mini Folded Poster,0.394,0.366,0.0,128,318,20220402_074217000_iOS 4.jpg,
イソ,グッズ｜本体封入,Jewel ver. Mini Folded Poster,0.251,0.199,0.0,128,175,20220402_074217000_iOS 11.jpg,
ガウル,Jewel ver. POB,6set Heart,0.631,0.522,0.0,330,266,20220402_074217000_iOS 1 4.jpg,
ユジン,Jewel ver. POB,6set Heart,0.9,0.632,0.0,330,303,20220402_074217000_iOS 1 4.jpg,
レイ,Jewel ver. POB,6set Heart,0.649,0.599,0.0,331,272,20220402_074217000_iOS 1 4.jpg,
ウォニョン,Jewel ver. POB,6set Heart,0.735,0.595,0.0,329,272,20220402_074217000_iOS 1 4.jpg,
リズ,Jewel ver. POB,6set Heart,0.943,0.457,0.0,330,317,20220402_074217000_iOS 1 4.jpg,
イソ,Jewel ver. POB,6set Heart,0.742,0.457,0.0,331,293,20220402_074217000_iOS 1 4.jpg,
ガウル,Jewel ver. POB,9set MV,0.641,0.488,0.0,330,292,20220402_074217000_iOS 1 3.jpg,
ユジン,Jewel ver. POB,9set MV,0.95,0.652,0.0,331,318,20220402_074217000_iOS 1 3.jpg,
レイ,Jewel ver. POB,9set MV,0.666,0.583,0.0,331,293,20220402_074217000_iOS 1 3.jpg,
ウォニョン,Jewel ver. POB,9set MV,0.958,0.626,0.0,331,318,20220402_074217000_iOS 1 3.jpg,
リズ,Jewel ver. POB,9set MV,0.726,0.584,0.0,331,267,20220402_074217000_iOS 1 3.jpg,
イソ,Jewel ver. POB,9set MV,0.978,0.739,0.0,330,317,20220402_074217000_iOS 1 3.jpg,
ガウル,Starship Square,1,0.955,0.572,0.0,362,205,20220402_074217000_iOS 7.jpg,
ユジン,Starship Square,1,0.98,0.616,0.0,360,206,20220402_074217000_iOS 7.jpg,
レイ,Starship Square,1,0.814,0.501,0.0,362,205,20220402_074217000_iOS 7.jpg,
ウォニョン,Starship Square,1,0.592,0.551,0.0,362,190,20220402_074217000_iOS 11.jpg,
リズ,Starship Square,1,0.978,0.378,0.0,362,207,20220402_074217000_iOS 7.jpg,
イソ,Starship Square,1,0.921,0.557,0.0,362,206,20220402_074217000_iOS 7.jpg,
ガウル,Starship Square,2,0.975,0.575,0.0,362,206,20220402_074217000_iOS 7.jpg,
ユジン,Starship Square,2,0.961,0.463,0.0,354,206,20220402_074217000_iOS 7.jpg,
レイ,Starship Square,2,0.983,0.391,0.0,360,206,20220402_074217000_iOS 7.jpg,
ウォニョン,Starship Square,2,0.672,0.67,0.0,364,173,20220402_074217000_iOS 7.jpg,
リズ,Starship Square,2,0.924,0.394,0.0,360,205,20220402_074217000_iOS 7.jpg,
イソ,Starship Square,2,0.914,0.662,0.0,364,194,20220402_074217000_iOS 7.jpg,
ガウル,Ktown4U,1.0,0.702,0.665,0.0,331,267,20220402_074217000_iOS 12.jpg,
ユジン,Ktown4U,1.0,0.778,0.685,0.0,331,177,20220402_074217000_iOS 1 5.jpg,
レイ,Ktown4U,1.0,0.661,0.57,0.0,331,292,20220402_074217000_iOS 12.jpg,
ウォニョン,Ktown4U,1.0,0.964,0.639,0.0,330,317,20220402_074217000_iOS 12.jpg,
リズ,Ktown4U,1.0,0.984,0.673,0.0,331,318,20220402_074217000_iOS 12.jpg,
イソ,Ktown4U,1.0,0.928,0.721,0.0,330,293,20220402_074217000_iOS 12.jpg,
ガウル,Tower Records,1,0.979,0.592,0.0,358,207,20220402_074217000_iOS 1 5.jpg,
ユジン,Tower Records,1,0.978,0.295,0.0,362,207,20220402_074217000_iOS 1 5.jpg,
レイ,Tower Records,1,0.955,0.586,0.0,362,206,20220402_074217000_iOS 1 5.jpg,
ウォニョン,Tower Records,1,0.982,0.328,0.0,360,207,20220402_074217000_iOS 1 5.jpg,
リズ,Tower Records,1,0.872,0.508,0.0,362,206,20220402_074217000_iOS 1 5.jpg,
イソ,Tower Records,1,0.969,0.369,0.0,362,206,20220402_074217000_iOS 1 5.jpg,
ガウル,Tower Records,2 POLA,0.778,0.452,0.0,361,177,20220402_074217000_iOS 1 5.jpg,
ユジン,Tower Records,2 POLA,0.638,0.505,0.0,350,177,20220402_074217000_iOS 1 5.jpg,
レイ,Tower Records,2 POLA,0.85,0.681,0.0,361,172,20220402_074217000_iOS 1 5.jpg,
ウォニョン,Tower Records,2 POLA,0.746,0.46,0.0,361,177,20220402_074217000_iOS 1 5.jpg,
リズ,Tower Records,2 POLA,0.798,0.683,0.0,359,177,20220402_074217000_iOS 1 5.jpg,
イソ,Tower Records,2 POLA,0.716,0.425,0.0,361,176,20220402_074217000_iOS 1 5.jpg,
ガウル,mymusictaste,,0.946,0.484,0.0,330,317,20220402_074217000_iOS 1 2.jpg,
ユジン,mymusictaste,,0.968,0.573,0.0,331,318,20220402_074217000_iOS 1 2.jpg,
レイ,mymusictaste,,0.704,0.604,0.0,330,281,20220402_074217000_iOS 1 2.jpg,
ウォニョン,mymusictaste,,0.766,0.613,0.0,331,293,20220402_074217000_iOS 1 2.jpg,
リズ,mymusictaste,,0.64,0.377,0.0,331,267,20220402_074217000_iOS 1 2.jpg,
イソ,mymusictaste,,0.708,0.602,0.0,331,267,20220402_074217000_iOS 1 2.jpg,
ガウル,Soundwave,1.0,0.964,0.552,0.0,331,318,20220402_074217000_iOS 10.jpg,
ユジン,Soundwave,1.0,0.959,0.529,0.0,331,318,20220402_074217000_iOS 10.jpg,
レイ,Soundwave,1.0,0.955,0.459,0.0,331,318,20220402_074217000_iOS 10.jpg,
ウォニョン,Soundwave,1.0,0.745,0.541,0.0,331,291,20220402_074217000_iOS 10.jpg,
リズ,Soundwave,1.0,0.673,0.627,0.0,331,290,20220402_074217000_iOS 10.jpg,
イソ,Soundwave,1.0,0.976,0.637,0.0,330,317,20220402_074217000_iOS 10.jpg,
ガウル,withmuu ラキドロ,1.0-1,0.981,0.62,0.0,363,190,20220402_074217000_iOS 2 1.jpg,
ユジン,withmuu ラキドロ,1.0-1,0.859,0.542,0.0,361,189,20220402_074217000_iOS 2 1.jpg,
レイ,withmuu ラキドロ,1.0-1,0.889,0.62,0.0,363,189,20220402_074217000_iOS 2 1.jpg,
ウォニョン,withmuu ラキドロ,1.0-1,0.957,0.59,0.0,363,190,20220402_074217000_iOS 2 1.jpg,
リズ,withmuu ラキドロ,1.0-1,0.957,0.404,0.0,363,190,20220402_074217000_iOS 2 1.jpg,
イソ,withmuu ラキドロ,1.0-1,0.974,0.585,0.0,363,190,20220402_074217000_iOS 2 1.jpg,
ガウル,withmuu ラキドロ,1.0-2,0.602,0.529,0.0,365,161,20220402_074217000_iOS 2 1.jpg,
ユジン,withmuu ラキドロ,1.0-2,0.948,0.665,0.0,363,190,20220402_074217000_iOS 2 1.jpg,
レイ,withmuu ラキドロ,1.0-2,0.577,0.316,0.0,165,160,20220402_074217000_iOS 2 1.jpg,
ウォニョン,withmuu ラキドロ,1.0-2,0.966,0.481,0.0,361,190,20220402_074217000_iOS 2 1.jpg,
リズ,withmuu ラキドロ,1.0-2,0.93,0.256,0.0,361,190,20220402_074217000_iOS 2 1.jpg,
イソ,withmuu ラキドロ,1.0-2,0.904,0.605,0.0,363,189,20220402_074217000_iOS 2 1.jpg,
ガウル,withmuu ラキドロ,1.0 POLA,0.494,0.419,0.0,356,163,20220402_074217000_iOS 2 1.jpg,
ユジン,withmuu ラキドロ,1.0 POLA,0.541,0.51,0.0,352,162,20220402_074217000_iOS 2 1.jpg,
レイ,withmuu ラキドロ,1.0 POLA,0.422,0.366,0.0,316,267,20220402_074217000_iOS 2.jpg,
ウォニョン,withmuu ラキドロ,1.0 POLA,0.718,0.423,0.0,358,161,20220402_074217000_iOS 2 1.jpg,
リズ,withmuu ラキドロ,1.0 POLA,0.492,0.463,0.0,164,162,20220402_074217000_iOS 2 1.jpg,
イソ,withmuu ラキドロ,1.0 POLA,0.465,0.401,0.0,354,160,20220402_074217000_iOS 2 1.jpg,
ガウル,Apple Music,,0.968,0.478,0.0,331,318,20220402_074217000_iOS 5.jpg,
ユジン,Apple Music,,0.978,0.502,0.0,331,318,20220402_074217000_iOS 5.jpg,
レイ,Apple Music,,0.953,0.431,0.0,330,317,20220402_074217000_iOS 5.jpg,
ウォニョン,Apple Music,,0.679,0.608,0.0,331,271,20220402_074217000_iOS 5.jpg,
リズ,Apple Music,,0.756,0.462,0.0,331,267,20220402_074217000_iOS 5.jpg,
イソ,Apple Music,,0.65,0.521,0.0,331,293,20220402_074217000_iOS 5.jpg,
ガウル,Namil Music,1.0,0.708,0.681,0.0,331,291,20220402_074217000_iOS 4 1.jpg,
ユジン,Namil Music,1.0,0.66,0.629,0.0,331,292,20220402_074217000_iOS 4 1.jpg,
レイ,Namil Music,1.0,0.701,0.495,0.0,330,316,20220402_074217000_iOS 4 1.jpg,
ウォニョン,Namil Music,1.0,0.98,0.703,0.0,330,317,20220402_074217000_iOS 4 1.jpg,
リズ,Namil Music,1.0,0.774,0.619,0.0,331,318,20220402_074217000_iOS 4 1.jpg,
イソ,Namil Music,1.0,0.968,0.71,0.0,330,318,20220402_074217000_iOS 4 1.jpg,
ガウル,withmuu,2.0,0.833,0.611,0.0,331,293,20220402_074217000_iOS 9.jpg,
ユジン,withmuu,2.0,0.723,0.406,0.0,331,267,20220402_074217000_iOS 9.jpg,
レイ,withmuu,2.0,0.623,0.468,0.0,330,267,20220402_074217000_iOS 9.jpg,
ウォニョン,withmuu,2.0,0.697,0.597,0.0,330,284,20220402_074217000_iOS 9.jpg,
リズ,withmuu,2.0,0.962,0.441,0.0,331,317,20220402_074217000_iOS 9.jpg,
イソ,withmuu,2.0,0.753,0.638,0.0,330,278,20220402_074217000_iOS 9.jpg,
ガウル,Music Korea,,0.528,0.416,0.0,331,279,20220402_074217000_iOS 7 1.jpg,
ユジン,Music Korea,,0.829,0.634,0.0,331,318,20220402_074217000_iOS 7 1.jpg,
レイ,Music Korea,,0.506,0.494,0.0,330,272,20220402_074217000_iOS 1 4.jpg,
ウォニョン,Music Korea,,0.965,0.507,0.0,330,317,20220402_074217000_iOS 7 1.jpg,
リズ,Music Korea,,0.544,0.364,0.0,331,267,20220402_074217000_iOS 7 1.jpg,
イソ,Music Korea,,0.512,0.404,0.0,330,266,20220402_074217000_iOS 7 1.jpg,
ガウル,Soundwave,2.0,0.486,0.464,0.0,331,317,20220402_074217000_iOS.jpg,
ユジン,Soundwave,2.0,0.686,0.682,0.0,331,318,20220402_074217000_iOS 4 1.jpg,
レイ,Soundwave,2.0,0.548,0.487,0.0,330,266,20220402_074217000_iOS 3.jpg,
ウォニョン,Soundwave,2.0,0.696,0.611,0.0,329,206,20220402_074217000_iOS 7.jpg,
リズ,Soundwave,2.0,0.796,0.534,0.0,331,277,20220402_074217000_iOS 3.jpg,
イソ,Soundwave,2.0,0.613,0.576,0.0,330,268,20220402_074217000_iOS 3.jpg,
ガウル,Soundwave ラキドロ,3.0-1,0.977,0.502,0.0,362,190,20220402_074217000_iOS 11.jpg,
ユジン,Soundwave ラキドロ,3.0-1,0.691,0.609,0.0,360,265,20220402_074217000_iOS 3.jpg,
レイ,Soundwave ラキドロ,3.0-1,0.819,0.669,0.0,362,187,20220402_074217000_iOS 11.jpg,
ウォニョン,Soundwave ラキドロ,3.0-1,0.979,0.621,0.0,362,190,20220402_074217000_iOS 11.jpg,
リズ,Soundwave ラキドロ,3.0-1,0.711,0.422,0.0,362,190,20220402_074217000_iOS 11.jpg,
イソ,Soundwave ラキドロ,3.0-1,0.953,0.576,0.0,362,190,20220402_074217000_iOS 11.jpg,
ガウル,Soundwave ラキドロ,3.0-2,0.965,0.6,0.0,364,190,20220402_074217000_iOS 11.jpg,
ユジン,Soundwave ラキドロ,3.0-2,0.732,0.531,0.0,364,180,20220402_074217000_iOS 11.jpg,
レイ,Soundwave ラキドロ,3.0-2,0.749,0.709,0.0,364,162,20220402_074217000_iOS 11.jpg,
ウォニョン,Soundwave ラキドロ,3.0-2,0.988,0.654,0.0,364,190,20220402_074217000_iOS 11.jpg,
リズ,Soundwave ラキドロ,3.0-2,0.663,0.554,0.0,362,161,20220402_074217000_iOS 11.jpg,
イソ,Soundwave ラキドロ,3.0-2,0.695,0.595,0.0,360,175,20220402_074217000_iOS 11.jpg,
ガウル,Soundwave ラキドロ,3.0 POLA,0.984,0.47,0.0,365,190,20220402_074217000_iOS 11.jpg,
ユジン,Soundwave ラキドロ,3.0 POLA,0.801,0.318,0.0,363,176,20220402_074217000_iOS 11.jpg,
レイ,Soundwave ラキドロ,3.0 POLA,0.865,0.409,0.0,363,190,20220402_074217000_iOS 11.jpg,
ウォニョン,Soundwave ラキドロ,3.0 POLA,0.591,0.316,0.0,365,175,20220402_074217000_iOS 11.jpg,
リズ,Soundwave ラキドロ,3.0 POLA,0.992,0.439,0.0,365,189,20220402_074217000_iOS 11.jpg,
イソ,Soundwave ラキドロ,3.0 POLA,0.792,0.374,0.0,165,190,20220402_074217000_iOS 11.jpg,
ガウル,Beatroad,,0.95,0.612,0.0,331,317,20220402_074217000_iOS 8.jpg,
ユジン,Beatroad,,0.8,0.565,0.0,331,318,20220402_074217000_iOS 8.jpg,
レイ,Beatroad,,0.655,0.432,0.0,330,266,20220402_074217000_iOS 8.jpg,
ウォニョン,Beatroad,,0.858,0.68,0.0,329,291,20220402_074217000_iOS 8.jpg,
リズ,Beatroad,,0.895,0.503,0.0,331,318,20220402_074217000_iOS 8.jpg,
イソ,Beatroad,,0.743,0.667,0.0,330,292,20220402_074217000_iOS 8.jpg,
ガウル,Ktown4U,2.0,0.773,0.628,0.0,331,318,20220402_074217000_iOS.jpg,
ユジン,Ktown4U,2.0,0.512,0.422,0.0,331,286,20220402_074217000_iOS.jpg,
レイ,Ktown4U,2.0,0.779,0.596,0.0,330,266,20220402_074217000_iOS.jpg,
ウォニョン,Ktown4U,2.0,0.969,0.675,0.0,330,317,20220402_074217000_iOS.jpg,
リズ,Ktown4U,2.0,0.705,0.494,0.0,331,267,20220402_074217000_iOS.jpg,
イソ,Ktown4U,2.0,0.632,0.451,0.0,330,285,20220402_074217000_iOS.jpg,
ガウル,Namil Music,2.0,0.553,0.499,0.0,331,266,20220402_074217000_iOS 1 6.jpg,
ユジン,Namil Music,2.0,0.761,0.634,0.0,331,276,20220402_074217000_iOS 1 6.jpg,
レイ,Namil Music,2.0,0.472,0.421,0.0,330,266,20220402_074217000_iOS 1 6.jpg,
ウォニョン,Namil Music,2.0,0.974,0.633,0.0,330,317,20220402_074217000_iOS 1 6.jpg,
リズ,Namil Music,2.0,0.759,0.36,0.0,331,292,20220402_074217000_iOS 1 6.jpg,
イソ,Namil Music,2.0,0.653,0.599,0.0,330,194,20220402_074217000_iOS 7.jpg,
ガウル,withmuu,3.0,0.798,0.596,0.0,331,273,20220402_074217000_iOS 2 2.jpg,
ユジン,withmuu,3.0,0.977,0.663,0.0,331,318,20220402_074217000_iOS 2 2.jpg,
レイ,withmuu,3.0,0.736,0.502,0.0,330,266,20220402_074217000_iOS 2 2.jpg,
ウォニョン,withmuu,3.0,0.959,0.637,0.0,330,317,20220402_074217000_iOS 2 2.jpg,
リズ,withmuu,3.0,0.976,0.615,0.0,331,318,20220402_074217000_iOS 2 2.jpg,
イソ,withmuu,3.0,0.772,0.535,0.0,330,292,20220402_074217000_iOS 2 2.jpg,
ガウル,MokketShop,,0.614,0.611,0.0,331,279,20220402_074217000_iOS 4.jpg,
ユジン,MokketShop,,0.908,0.572,0.0,331,317,20220402_074217000_iOS 4.jpg,
レイ,MokketShop,,0.54,0.405,0.0,330,276,20220402_074217000_iOS 4.jpg,
ウォニョン,MokketShop,,0.958,0.642,0.0,330,317,20220402_074217000_iOS 4.jpg,
リズ,MokketShop,,0.955,0.49,0.0,331,318,20220402_074217000_iOS 4.jpg,
イソ,MokketShop,,0.786,0.643,0.0,330,276,20220402_074217000_iOS 4.jpg,
ガウル,Soundwave,4.0,0.968,0.578,0.0,331,318,20220402_074217000_iOS 2.jpg,
ユジン,Soundwave,4.0,0.566,0.543,0.0,331,318,20220402_074217000_iOS 2.jpg,
レイ,Soundwave,4.0,0.686,0.578,0.0,331,267,20220402_074217000_iOS 2.jpg,
ウォニョン,Soundwave,4.0,0.674,0.602,0.0,330,292,20220402_074217000_iOS 2.jpg,
リズ,Soundwave,4.0,0.503,0.468,0.0,330,291,20220402_074217000_iOS 2.jpg,
イソ,Soundwave,4.0,0.705,0.546,0.0,330,266,20220402_074217000_iOS 2.jpg,
ガウル,Daum Cafe,,0.719,0.597,0.0,331,292,20220402_074217000_iOS 1 3.jpg,
ユジン,Daum Cafe,,0.966,0.686,0.0,331,318,20220402_074217000_iOS 1 1.jpg,
レイ,Daum Cafe,,0.655,0.587,0.0,330,318,20220402_074217000_iOS 1 1.jpg,
ウォニョン,Daum Cafe,,0.894,0.698,0.0,330,309,20220402_074217000_iOS 1 1.jpg,
リズ,Daum Cafe,,0.976,0.55,0.0,331,318,20220402_074217000_iOS 1 1.jpg,
イソ,Daum Cafe,,0.976,0.729,0.0,330,318,20220402_074217000_iOS 1 1.jpg,
イソ,Fansign,,0.814,0.485,0.0,184,318,20220402_074217000_iOS 13.jpg,
リズ,Fansign,,0.713,0.412,0.0,184,292,20220402_074217000_iOS 13.jpg,
ウォニョン,Fansign,,0.635,0.477,0.0,154,317,20220402_074217000_iOS 13.jpg,
レイ,Fansign,,0.859,0.28,-0.064,185,317,20220402_074217000_iOS 13.jpg,
ガウル,Fansign,,0.801,0.382,0.0,185,317,20220402_074217000_iOS 13.jpg,
ユジン,Fansign,,0.904,0.531,0.2,176,317,20220402_074217000_iOS 13.jpg,
