collection,member,source,version,best,second,min_block,old_w,new_w,sheet,result
Collab & Event｜コラボ・イベント,リズ,SuperStar STARSHIP,KCON LA,0.748,0.727,0.0,193,159,SuperStar STARSHIP_reina831wy.jpg,
Collab & Event｜コラボ・イベント,リズ,SuperStar STARSHIP,LONDON,0.789,0.606,0.0,203,142,SuperStar STARSHIP_reina831wy.jpg,
1st FAN CONCERT 'The Prom Queens',リズ,DVD・Blu-ray・Kit,特典（店舗不明）,0.702,0.565,0.0,205,333,SWIH_MD20 Necklace_reina831wy.jpg,
1st WORLD TOUR 'SHOW WHAT I HAVE',リズ,Encore（アンコール）,Random Photocard 2,0.814,0.496,0.0,202,521,SWIH Encore_Random Photocard Pack_ri__chan94.jpg,
DIVE Official Fanclub｜ファンクラブ,レイ,DIVE 2期 'MAGAZINE IVE',,0.727,0.669,0.0,331,698,IVE SCOUT_Special Photocard Camp Cook ver_ri__chan94.jpg,
1st FAN CONCERT 'The Prom Queens',ユジン,MD,Photocard Binder,0.747,0.733,0.0,347,221,SWIH_Random Photocard_reina831wy.jpg,
1st FAN CONCERT 'The Prom Queens',ガウル,SuperStar STARSHIP,1,0.795,0.552,0.0,228,159,SuperStar STARSHIP_reina831wy.jpg,
1st FAN CONCERT 'The Prom Queens',ユジン,SuperStar STARSHIP,1,0.777,0.503,0.0,231,134,SuperStar STARSHIP_reina831wy.jpg,
1st FAN CONCERT 'The Prom Queens',レイ,SuperStar STARSHIP,1,0.849,0.549,0.0,346,159,SuperStar STARSHIP_reina831wy.jpg,
1st FAN CONCERT 'The Prom Queens',イソ,SuperStar STARSHIP,1,0.773,0.635,0.0,347,159,SuperStar STARSHIP_reina831wy.jpg,
1st FAN CONCERT 'The Prom Queens',ウォニョン,SuperStar STARSHIP,2,0.74,0.467,0.0,348,159,SuperStar STARSHIP_reina831wy.jpg,
1st FAN CONCERT 'The Prom Queens',イソ,SuperStar STARSHIP,2,0.802,0.687,0.0,232,159,SuperStar STARSHIP_reina831wy.jpg,
1st FAN CONCERT 'The Prom Queens',ガウル,SuperStar STARSHIP,3,0.898,0.65,0.0,348,159,SuperStar STARSHIP_reina831wy.jpg,
1st FAN CONCERT 'The Prom Queens',レイ,SuperStar STARSHIP,3,0.902,0.519,0.0,229,159,SuperStar STARSHIP_reina831wy.jpg,
1st FAN CONCERT 'The Prom Queens',ウォニョン,SuperStar STARSHIP,3,0.897,0.616,0.0,348,159,SuperStar STARSHIP_reina831wy.jpg,
1st FAN CONCERT 'The Prom Queens',イソ,SuperStar STARSHIP,3,0.876,0.61,0.0,348,159,SuperStar STARSHIP_reina831wy.jpg,
2nd WORLD TOUR 'SHOW WHAT I AM',ガウル,SWIA TAIPEI 特典,Early Bird,0.711,0.71,0.0,184,220,SWIH_Random Photocard_reina831wy.jpg,
2nd WORLD TOUR 'SHOW WHAT I AM',ガウル,SWIA TAIPEI 特典,Mnet+,0.825,0.775,0.0,185,220,SWIH_Random Photocard_reina831wy.jpg,
2nd WORLD TOUR 'SHOW WHAT I AM',ウォニョン,SWIA TAIPEI 特典,Early Bird,0.701,0.624,0.0,184,333,SWIH_MD06 Photo Kit_reina831wy.jpg,
Collab & Event｜コラボ・イベント,ガウル,ForEVER IVE（エバーランド）,Special Reward,0.743,0.682,0.0,200,521,SWIH Encore_Random Photocard Pack_ri__chan94.jpg,
Collab & Event｜コラボ・イベント,ウォニョン,Dive into MINIVE,MD MINIVE MINI HANDY FAN,0.776,0.707,0.0,199,333,SWIH_MD09 Photocard Binder_reina831wy.jpg,
3rd FAN CONCERT 'IVE SCOUT',ユジン,Random Photocard Pack,2,0.928,0.647,0.698,139,311,IVE SCOUT_Random Photocard_ri__chan94.jpg,差し替え
3rd FAN CONCERT 'IVE SCOUT',ユジン,Random Photocard Pack,3,0.893,0.439,0.704,137,312,IVE SCOUT_Random Photocard_ri__chan94.jpg,差し替え
3rd FAN CONCERT 'IVE SCOUT',ユジン,Random Photocard Pack,4,0.931,0.453,0.547,135,313,IVE SCOUT_Random Photocard_ri__chan94.jpg,差し替え
3rd FAN CONCERT 'IVE SCOUT',ガウル,Random Photocard Pack,1,0.912,0.67,0.132,135,312,IVE SCOUT_Random Photocard_ri__chan94.jpg,差し替え
3rd FAN CONCERT 'IVE SCOUT',ガウル,Random Photocard Pack,2,0.884,0.557,0.538,137,312,IVE SCOUT_Random Photocard_ri__chan94.jpg,差し替え
3rd FAN CONCERT 'IVE SCOUT',ガウル,Random Photocard Pack,3,0.94,0.465,0.734,136,312,IVE SCOUT_Random Photocard_ri__chan94.jpg,差し替え
3rd FAN CONCERT 'IVE SCOUT',ガウル,Random Photocard Pack,4,0.889,0.619,-0.239,136,311,IVE SCOUT_Random Photocard_ri__chan94.jpg,差し替え
3rd FAN CONCERT 'IVE SCOUT',レイ,Random Photocard Pack,1,0.877,0.653,-0.245,135,308,IVE SCOUT_Random Photocard_ri__chan94.jpg,差し替え
3rd FAN CONCERT 'IVE SCOUT',レイ,Random Photocard Pack,2,0.714,0.664,0.0,136,285,IVE SCOUT_Random Photocard_ri__chan94.jpg,差し替え
3rd FAN CONCERT 'IVE SCOUT',レイ,Random Photocard Pack,3,0.867,0.584,0.271,138,302,IVE SCOUT_Random Photocard_ri__chan94.jpg,差し替え
3rd FAN CONCERT 'IVE SCOUT',レイ,Random Photocard Pack,4,0.915,0.548,0.197,138,312,IVE SCOUT_Random Photocard_ri__chan94.jpg,差し替え
3rd FAN CONCERT 'IVE SCOUT',ウォニョン,Random Photocard Pack,1,0.804,0.543,0.0,134,312,IVE SCOUT_Random Photocard_ri__chan94.jpg,差し替え
3rd FAN CONCERT 'IVE SCOUT',ウォニョン,Random Photocard Pack,3,0.944,0.456,0.582,137,312,IVE SCOUT_Random Photocard_ri__chan94.jpg,差し替え
3rd FAN CONCERT 'IVE SCOUT',ウォニョン,Random Photocard Pack,4,0.932,0.586,0.76,136,312,IVE SCOUT_Random Photocard_ri__chan94.jpg,差し替え
3rd FAN CONCERT 'IVE SCOUT',リズ,Random Photocard Pack,1,0.894,0.624,0.562,135,312,IVE SCOUT_Random Photocard_ri__chan94.jpg,差し替え
3rd FAN CONCERT 'IVE SCOUT',リズ,Random Photocard Pack,2,0.857,0.53,0.147,140,312,IVE SCOUT_Random Photocard_ri__chan94.jpg,差し替え
3rd FAN CONCERT 'IVE SCOUT',リズ,Random Photocard Pack,3,0.825,0.429,0.0,141,312,IVE SCOUT_Random Photocard_ri__chan94.jpg,差し替え
3rd FAN CONCERT 'IVE SCOUT',リズ,Random Photocard Pack,4,0.917,0.506,0.368,137,312,IVE SCOUT_Random Photocard_ri__chan94.jpg,差し替え
3rd FAN CONCERT 'IVE SCOUT',イソ,Random Photocard Pack,1,0.88,0.551,0.56,136,312,IVE SCOUT_Random Photocard_ri__chan94.jpg,差し替え
3rd FAN CONCERT 'IVE SCOUT',イソ,Random Photocard Pack,2,0.735,0.457,0.0,136,312,IVE SCOUT_Random Photocard_ri__chan94.jpg,差し替え
3rd FAN CONCERT 'IVE SCOUT',イソ,Random Photocard Pack,3,0.922,0.491,0.472,137,312,IVE SCOUT_Random Photocard_ri__chan94.jpg,差し替え
3rd FAN CONCERT 'IVE SCOUT',イソ,Random Photocard Pack,4,0.934,0.416,0.429,136,311,IVE SCOUT_Random Photocard_ri__chan94.jpg,差し替え
1st WORLD TOUR 'SHOW WHAT I HAVE',ガウル,DVD・Blu-ray・Kit,DVD,0.755,0.717,0.0,121,333,SWIH_MD20 Necklace_reina831wy.jpg,
1st WORLD TOUR 'SHOW WHAT I HAVE',ガウル,DVD・Blu-ray・Kit,Kit,0.786,0.758,0.0,119,333,SWIH_MD20 Necklace_reina831wy.jpg,
1st WORLD TOUR 'SHOW WHAT I HAVE',ユジン,DVD・Blu-ray・Kit,Starship Square 特典,0.74,0.712,0.0,121,307,SWIH_MD20 Necklace_reina831wy.jpg,
1st WORLD TOUR 'SHOW WHAT I HAVE',ガウル,DVD・Blu-ray・Kit,Starship Square 特典,0.816,0.761,0.0,121,333,SWIH_MD20 Necklace_reina831wy.jpg,
1st WORLD TOUR 'SHOW WHAT I HAVE',ガウル,DVD・Blu-ray・Kit,Apple Music 特典,0.764,0.753,0.0,123,333,SWIH_MD20 Necklace_reina831wy.jpg,
1st WORLD TOUR 'SHOW WHAT I HAVE',ウォニョン,DVD・Blu-ray・Kit,Apple Music 特典,0.754,0.64,0.0,124,307,SWIH_MD20 Necklace_reina831wy.jpg,
1st WORLD TOUR 'SHOW WHAT I HAVE',ガウル,in CINEMA,Acryl Photocard Stand,0.81,0.775,0.0,98,333,SWIH_MD20 Necklace_reina831wy.jpg,
1st WORLD TOUR 'SHOW WHAT I HAVE',ウォニョン,in CINEMA,Quick Snap,0.794,0.746,0.0,98,333,SWIH_MD09 Photocard Binder_reina831wy.jpg,
1st WORLD TOUR 'SHOW WHAT I HAVE',ユジン,in CINEMA,Tumbler,0.735,0.672,0.0,98,220,SWIH_Japan Random Tradingcard_reina831wy.jpg,
1st WORLD TOUR 'SHOW WHAT I HAVE',ガウル,in CINEMA,Tumbler,0.714,0.698,0.0,98,513,SWIH Encore_Random Photocard Pack_ri__chan94.jpg,
1st WORLD TOUR 'SHOW WHAT I HAVE',レイ,in CINEMA,Tumbler,0.712,0.611,0.0,98,220,SWIH_Japan Random Tradingcard_reina831wy.jpg,
1st WORLD TOUR 'SHOW WHAT I HAVE',ウォニョン,in CINEMA,Tumbler,0.718,0.703,0.0,98,220,SWIH_Japan Random Tradingcard_reina831wy.jpg,
1st WORLD TOUR 'SHOW WHAT I HAVE',リズ,in CINEMA,Tumbler,0.777,0.71,0.0,98,333,SWIH_MD09 Photocard Binder_reina831wy.jpg,
1st WORLD TOUR 'SHOW WHAT I HAVE',イソ,in CINEMA,Tumbler,0.859,0.746,-0.436,98,240,SWIH_Japan Random Tradingcard_reina831wy.jpg,
1st WORLD TOUR 'SHOW WHAT I HAVE',レイ,in CINEMA,70K Benefit（self photocard）,0.704,0.601,0.0,98,698,IVE SCOUT_Special Photocard Camp Cook ver_ri__chan94.jpg,
1st WORLD TOUR 'SHOW WHAT I HAVE',ガウル,MD,Photo Kit,0.983,0.713,0.0,348,333,SWIH_MD06 Photo Kit_reina831wy.jpg,
1st WORLD TOUR 'SHOW WHAT I HAVE',ユジン,MD,Photo Kit,0.781,0.658,0.0,348,307,SWIH_MD06 Photo Kit_reina831wy.jpg,
1st WORLD TOUR 'SHOW WHAT I HAVE',レイ,MD,Photo Kit,0.858,0.576,0.0,348,307,SWIH_MD06 Photo Kit_reina831wy.jpg,
1st WORLD TOUR 'SHOW WHAT I HAVE',ウォニョン,MD,Photo Kit,0.975,0.572,0.0,348,333,SWIH_MD06 Photo Kit_reina831wy.jpg,
1st WORLD TOUR 'SHOW WHAT I HAVE',リズ,MD,Photo Kit,0.757,0.434,0.0,348,286,SWIH_MD06 Photo Kit_reina831wy.jpg,
1st WORLD TOUR 'SHOW WHAT I HAVE',イソ,MD,Photo Kit,0.76,0.736,0.0,348,280,SWIH_MD06 Photo Kit_reina831wy.jpg,
1st WORLD TOUR 'SHOW WHAT I HAVE',ガウル,MD,Photocard Binder,0.939,0.804,0.38,213,333,SWIH_MD09 Photocard Binder_reina831wy.jpg,
1st WORLD TOUR 'SHOW WHAT I HAVE',ユジン,MD,Photocard Binder,0.899,0.717,0.41,213,333,SWIH_MD09 Photocard Binder_reina831wy.jpg,
1st WORLD TOUR 'SHOW WHAT I HAVE',レイ,MD,Photocard Binder,0.852,0.673,0.0,348,333,SWIH_MD09 Photocard Binder_reina831wy.jpg,
1st WORLD TOUR 'SHOW WHAT I HAVE',ウォニョン,MD,Photocard Binder,0.97,0.558,0.0,348,333,SWIH_MD09 Photocard Binder_reina831wy.jpg,
1st WORLD TOUR 'SHOW WHAT I HAVE',リズ,MD,Photocard Binder,0.897,0.699,0.0,348,333,SWIH_MD09 Photocard Binder_reina831wy.jpg,
1st WORLD TOUR 'SHOW WHAT I HAVE',イソ,MD,Photocard Binder,0.896,0.656,0.0,348,333,SWIH_MD09 Photocard Binder_reina831wy.jpg,
1st WORLD TOUR 'SHOW WHAT I HAVE',レイ,MD,Photocard Holder,0.781,0.562,0.0,212,307,SWIH_MD10 Photocard Holder_reina831wy.jpg,
1st WORLD TOUR 'SHOW WHAT I HAVE',ウォニョン,MD,Photocard Holder,0.736,0.393,0.0,347,305,SWIH_MD10 Photocard Holder_reina831wy.jpg,
1st WORLD TOUR 'SHOW WHAT I HAVE',イソ,MD,Photocard Holder,0.812,0.548,0.0,348,306,SWIH_MD10 Photocard Holder_reina831wy.jpg,
1st WORLD TOUR 'SHOW WHAT I HAVE',ガウル,MD,Cross Bag,0.758,0.694,0.0,213,333,SWIH_MD14 Cross Bag_reina831wy.jpg,
1st WORLD TOUR 'SHOW WHAT I HAVE',ユジン,MD,Cross Bag,0.983,0.389,0.905,213,333,SWIH_MD14 Cross Bag_reina831wy.jpg,差し替え
1st WORLD TOUR 'SHOW WHAT I HAVE',レイ,MD,Cross Bag,0.934,0.496,0.619,213,333,SWIH_MD14 Cross Bag_reina831wy.jpg,差し替え
1st WORLD TOUR 'SHOW WHAT I HAVE',ウォニョン,MD,Cross Bag,0.956,0.643,0.0,348,324,SWIH_MD14 Cross Bag_reina831wy.jpg,
1st WORLD TOUR 'SHOW WHAT I HAVE',イソ,MD,Cross Bag,0.714,0.598,0.0,348,333,SWIH_MD14 Cross Bag_reina831wy.jpg,
1st WORLD TOUR 'SHOW WHAT I HAVE',ガウル,MD,Necklace,0.992,0.805,0.912,213,333,SWIH_MD20 Necklace_reina831wy.jpg,差し替え
1st WORLD TOUR 'SHOW WHAT I HAVE',ユジン,MD,Necklace,0.818,0.789,0.0,213,307,SWIH_MD06 Photo Kit_reina831wy.jpg,
1st WORLD TOUR 'SHOW WHAT I HAVE',レイ,MD,Necklace,0.985,0.761,0.953,213,333,SWIH_MD20 Necklace_reina831wy.jpg,差し替え
1st WORLD TOUR 'SHOW WHAT I HAVE',ウォニョン,MD,Necklace,0.908,0.847,0.0,348,333,SWIH_MD20 Necklace_reina831wy.jpg,
1st WORLD TOUR 'SHOW WHAT I HAVE',リズ,MD,Necklace,0.782,0.456,0.0,213,331,SWIH_MD20 Necklace_reina831wy.jpg,
1st WORLD TOUR 'SHOW WHAT I HAVE',イソ,MD,Necklace,0.783,0.632,0.0,348,280,SWIH_MD20 Necklace_reina831wy.jpg,
1st WORLD TOUR 'SHOW WHAT I HAVE',ガウル,Random Photocard,1,0.811,0.606,0.0,213,209,SWIH_Random Photocard_reina831wy.jpg,
1st WORLD TOUR 'SHOW WHAT I HAVE',ユジン,Random Photocard,1,0.972,0.514,0.0,213,221,SWIH_Random Photocard_reina831wy.jpg,
1st WORLD TOUR 'SHOW WHAT I HAVE',レイ,Random Photocard,1,0.978,0.545,0.0,213,221,SWIH_Random Photocard_reina831wy.jpg,
1st WORLD TOUR 'SHOW WHAT I HAVE',ウォニョン,Random Photocard,1,0.777,0.549,0.0,231,187,SWIH_Random Photocard_reina831wy.jpg,
1st WORLD TOUR 'SHOW WHAT I HAVE',リズ,Random Photocard,1,0.759,0.483,0.0,213,203,SWIH_Random Photocard_reina831wy.jpg,
1st WORLD TOUR 'SHOW WHAT I HAVE',イソ,Random Photocard,1,0.91,0.51,0.0,213,221,SWIH_Random Photocard_reina831wy.jpg,
1st WORLD TOUR 'SHOW WHAT I HAVE',ガウル,Random Photocard,2,0.987,0.687,0.0,212,221,SWIH_Random Photocard_reina831wy.jpg,
1st WORLD TOUR 'SHOW WHAT I HAVE',ユジン,Random Photocard,2,0.89,0.565,0.0,212,221,SWIH_Random Photocard_reina831wy.jpg,
1st WORLD TOUR 'SHOW WHAT I HAVE',レイ,Random Photocard,2,0.978,0.723,0.0,212,221,SWIH_Random Photocard_reina831wy.jpg,
1st WORLD TOUR 'SHOW WHAT I HAVE',ウォニョン,Random Photocard,2,0.788,0.595,0.0,233,221,SWIH_Random Photocard_reina831wy.jpg,
1st WORLD TOUR 'SHOW WHAT I HAVE',リズ,Random Photocard,2,0.758,0.402,0.0,212,221,SWIH_Random Photocard_reina831wy.jpg,
1st WORLD TOUR 'SHOW WHAT I HAVE',イソ,Random Photocard,2,0.869,0.573,0.0,212,205,SWIH_Random Photocard_reina831wy.jpg,
1st WORLD TOUR 'SHOW WHAT I HAVE',ガウル,Random Photocard,3,0.767,0.515,0.0,213,221,SWIH_Random Photocard_reina831wy.jpg,
1st WORLD TOUR 'SHOW WHAT I HAVE',ユジン,Random Photocard,3,0.701,0.502,0.0,212,185,SWIH_Random Photocard_reina831wy.jpg,
1st WORLD TOUR 'SHOW WHAT I HAVE',レイ,Random Photocard,3,0.982,0.393,0.0,211,221,SWIH_Random Photocard_reina831wy.jpg,
1st WORLD TOUR 'SHOW WHAT I HAVE',ウォニョン,Random Photocard,3,0.913,0.552,0.0,233,217,SWIH_Random Photocard_reina831wy.jpg,
1st WORLD TOUR 'SHOW WHAT I HAVE',リズ,Random Photocard,3,0.907,0.472,0.0,232,220,SWIH_Random Photocard_reina831wy.jpg,
1st WORLD TOUR 'SHOW WHAT I HAVE',イソ,Random Photocard,3,0.717,0.527,0.0,213,205,SWIH_Random Photocard_reina831wy.jpg,
1st WORLD TOUR 'SHOW WHAT I HAVE',ガウル,Random Photocard,4,0.93,0.865,0.0,213,221,SWIH_Random Photocard_reina831wy.jpg,
1st WORLD TOUR 'SHOW WHAT I HAVE',ユジン,Random Photocard,4,0.853,0.765,0.0,213,220,SWIH_Random Photocard_reina831wy.jpg,
1st WORLD TOUR 'SHOW WHAT I HAVE',レイ,Random Photocard,4,0.885,0.769,0.0,232,221,SWIH_Random Photocard_reina831wy.jpg,
1st WORLD TOUR 'SHOW WHAT I HAVE',ウォニョン,Random Photocard,4,0.763,0.58,0.0,231,213,SWIH_Random Photocard_reina831wy.jpg,
1st WORLD TOUR 'SHOW WHAT I HAVE',リズ,Random Photocard,4,0.789,0.745,0.0,232,221,SWIH_Random Photocard_reina831wy.jpg,
1st WORLD TOUR 'SHOW WHAT I HAVE',イソ,Random Photocard,4,0.782,0.512,0.0,231,220,SWIH_Random Photocard_reina831wy.jpg,
1st WORLD TOUR 'SHOW WHAT I HAVE',ガウル,Japan Random Photocard,1,0.972,0.394,0.0,216,240,SWIH_Japan Random Tradingcard_reina831wy.jpg,
1st WORLD TOUR 'SHOW WHAT I HAVE',ユジン,Japan Random Photocard,1,0.968,0.446,0.0,251,240,SWIH_Japan Random Tradingcard_reina831wy.jpg,
1st WORLD TOUR 'SHOW WHAT I HAVE',リズ,Japan Random Photocard,1,0.865,0.566,0.0,251,240,SWIH_Japan Random Tradingcard_reina831wy.jpg,
1st WORLD TOUR 'SHOW WHAT I HAVE',ガウル,Japan Random Photocard,2,0.931,0.7,0.0,218,240,SWIH_Japan Random Tradingcard_reina831wy.jpg,
1st WORLD TOUR 'SHOW WHAT I HAVE',ユジン,Japan Random Photocard,2,0.96,0.59,0.0,250,240,SWIH_Japan Random Tradingcard_reina831wy.jpg,
1st WORLD TOUR 'SHOW WHAT I HAVE',レイ,Japan Random Photocard,2,0.865,0.66,0.0,218,220,SWIH_Japan Random Tradingcard_reina831wy.jpg,
1st WORLD TOUR 'SHOW WHAT I HAVE',ウォニョン,Japan Random Photocard,2,0.804,0.453,0.0,250,220,SWIH_Japan Random Tradingcard_reina831wy.jpg,
1st WORLD TOUR 'SHOW WHAT I HAVE',イソ,Japan Random Photocard,2,0.858,0.686,0.0,250,240,SWIH_Japan Random Tradingcard_reina831wy.jpg,
1st WORLD TOUR 'SHOW WHAT I HAVE',ガウル,2nd DIVE FC Class DIVE,1,0.806,0.799,0.0,213,333,SWIH_FC Class DIVE day1 SHOW WHAT DIVE HAVE_reina831wy.jpg,
1st WORLD TOUR 'SHOW WHAT I HAVE',ユジン,2nd DIVE FC Class DIVE,1,0.83,0.821,0.0,213,307,SWIH_FC Class DIVE day1 SHOW WHAT DIVE HAVE_reina831wy.jpg,
1st WORLD TOUR 'SHOW WHAT I HAVE',レイ,2nd DIVE FC Class DIVE,1,0.978,0.971,0.0,244,333,SWIH_FC Class DIVE day1 SHOW WHAT DIVE HAVE_reina831wy.jpg,
1st WORLD TOUR 'SHOW WHAT I HAVE',ウォニョン,2nd DIVE FC Class DIVE,1,0.772,0.73,0.0,213,289,SWIH_FC Class DIVE day1 SHOW WHAT DIVE HAVE_reina831wy.jpg,
1st WORLD TOUR 'SHOW WHAT I HAVE',リズ,2nd DIVE FC Class DIVE,1,0.716,0.712,0.0,244,215,SWIH_2nd DIVE FC Class DIVE_day1-day2_reina831wy.jpg,
1st WORLD TOUR 'SHOW WHAT I HAVE',イソ,2nd DIVE FC Class DIVE,1,0.733,0.689,0.0,244,306,SWIH_FC Class DIVE day1 SHOW WHAT DIVE HAVE_reina831wy.jpg,
1st WORLD TOUR 'SHOW WHAT I HAVE',ガウル,2nd DIVE FC Class DIVE,2,0.79,0.783,0.0,212,333,SWIH_FC Class DIVE day2 SHOW WHAT IVE HAVE_reina831wy.jpg,
1st WORLD TOUR 'SHOW WHAT I HAVE',ユジン,2nd DIVE FC Class DIVE,2,0.723,0.719,0.0,212,306,SWIH_FC Class DIVE day2 SHOW WHAT IVE HAVE_reina831wy.jpg,
1st WORLD TOUR 'SHOW WHAT I HAVE',レイ,2nd DIVE FC Class DIVE,2,0.951,0.803,0.762,212,332,SWIH_FC Class DIVE day2 SHOW WHAT IVE HAVE_reina831wy.jpg,差し替え
1st WORLD TOUR 'SHOW WHAT I HAVE',イソ,2nd DIVE FC Class DIVE,2,0.87,0.797,0.546,243,312,SWIH_FC Class DIVE day2 SHOW WHAT IVE HAVE_reina831wy.jpg,
1st WORLD TOUR 'SHOW WHAT I HAVE',ガウル,SuperStar STARSHIP,1,0.846,0.594,0.0,213,159,SuperStar STARSHIP_reina831wy.jpg,
1st WORLD TOUR 'SHOW WHAT I HAVE',ユジン,SuperStar STARSHIP,1,0.792,0.555,0.0,213,142,SuperStar STARSHIP_reina831wy.jpg,
1st WORLD TOUR 'SHOW WHAT I HAVE',レイ,SuperStar STARSHIP,1,0.883,0.655,0.0,213,159,SuperStar STARSHIP_reina831wy.jpg,
1st WORLD TOUR 'SHOW WHAT I HAVE',ウォニョン,SuperStar STARSHIP,1,0.859,0.583,0.0,213,159,SuperStar STARSHIP_reina831wy.jpg,
1st WORLD TOUR 'SHOW WHAT I HAVE',リズ,SuperStar STARSHIP,1,0.813,0.603,0.0,213,142,SuperStar STARSHIP_reina831wy.jpg,
1st WORLD TOUR 'SHOW WHAT I HAVE',イソ,SuperStar STARSHIP,1,0.848,0.614,0.0,213,159,SuperStar STARSHIP_reina831wy.jpg,
1st WORLD TOUR 'SHOW WHAT I HAVE',ガウル,SuperStar STARSHIP,2,0.895,0.63,0.0,213,159,SuperStar STARSHIP_reina831wy.jpg,
1st WORLD TOUR 'SHOW WHAT I HAVE',レイ,SuperStar STARSHIP,2,0.935,0.624,0.0,213,159,SuperStar STARSHIP_reina831wy.jpg,
1st WORLD TOUR 'SHOW WHAT I HAVE',ウォニョン,SuperStar STARSHIP,2,0.902,0.604,0.0,213,159,SuperStar STARSHIP_reina831wy.jpg,
1st WORLD TOUR 'SHOW WHAT I HAVE',イソ,SuperStar STARSHIP,2,0.885,0.629,0.0,213,159,SuperStar STARSHIP_reina831wy.jpg,
1st WORLD TOUR 'SHOW WHAT I HAVE',ガウル,SuperStar STARSHIP,3,0.956,0.42,0.0,213,159,SuperStar STARSHIP_reina831wy.jpg,
1st WORLD TOUR 'SHOW WHAT I HAVE',ユジン,SuperStar STARSHIP,3,0.849,0.631,0.0,213,157,SuperStar STARSHIP_reina831wy.jpg,
1st WORLD TOUR 'SHOW WHAT I HAVE',レイ,SuperStar STARSHIP,3,0.913,0.521,0.0,213,159,SuperStar STARSHIP_reina831wy.jpg,
1st WORLD TOUR 'SHOW WHAT I HAVE',ウォニョン,SuperStar STARSHIP,3,0.947,0.579,0.0,213,159,SuperStar STARSHIP_reina831wy.jpg,
1st WORLD TOUR 'SHOW WHAT I HAVE',リズ,SuperStar STARSHIP,3,0.819,0.439,0.0,213,159,SuperStar STARSHIP_reina831wy.jpg,
1st WORLD TOUR 'SHOW WHAT I HAVE',イソ,SuperStar STARSHIP,3,0.931,0.64,0.0,213,159,SuperStar STARSHIP_reina831wy.jpg,
1st WORLD TOUR 'SHOW WHAT I HAVE',ガウル,SuperStar STARSHIP,4,0.898,0.484,0.0,212,159,SuperStar STARSHIP_reina831wy.jpg,
1st WORLD TOUR 'SHOW WHAT I HAVE',ユジン,SuperStar STARSHIP,4,0.911,0.614,0.0,213,156,SuperStar STARSHIP_reina831wy.jpg,
1st WORLD TOUR 'SHOW WHAT I HAVE',レイ,SuperStar STARSHIP,4,0.928,0.63,0.0,212,159,SuperStar STARSHIP_reina831wy.jpg,
1st WORLD TOUR 'SHOW WHAT I HAVE',ウォニョン,SuperStar STARSHIP,4,0.807,0.382,0.0,213,159,SuperStar STARSHIP_reina831wy.jpg,
1st WORLD TOUR 'SHOW WHAT I HAVE',リズ,SuperStar STARSHIP,4,0.872,0.433,0.0,212,156,SuperStar STARSHIP_reina831wy.jpg,
1st WORLD TOUR 'SHOW WHAT I HAVE',イソ,SuperStar STARSHIP,4,0.929,0.563,0.0,212,159,SuperStar STARSHIP_reina831wy.jpg,
