member,no,collection,source,version,result
イソ,4,ELEVEN,POB,ID Card,同じ写真で大きい方に入れ替えた
イソ,9,LOVE DIVE,Fansign Special,,画像を入れた
イソ,10,LOVE DIVE,Fansign Special,2,新しい枠（6 人）
イソ,13,LOVE DIVE,withmuu ラキドロ,1.0-1,同じ写真（アプリの方が大きいのでそのまま）
イソ,16,LOVE DIVE,Fansign,,新しい枠（6 人）
イソ,17,LOVE DIVE,Tower Records,2 POLA,同じ写真（アプリの方が大きいのでそのまま）
イソ,18,After LIKE,本体封入,ver.2,画像を入れた
イソ,20,After LIKE,Jewel ver. POB,6+3set,画像を入れた
イソ,23,After LIKE,withmuu ラキドロ,2.0-2,ちがう画像だったので入れ替えた
イソ,24,After LIKE,Soundwave ラキドロ,2.0-2,画像を入れた
イソ,26,After LIKE,Tower Records,2,画像を入れた
イソ,27,After LIKE,TOU,WINNER,新しい枠（6 人）・画像なし
イソ,30,After LIKE,Broadcast,After ver.,同じ写真（アプリの方が大きいのでそのまま）
イソ,31,After LIKE,Broadcast,3,入れない
イソ,33,I've IVE,Vinyl,,新しい枠（6 人）
イソ,34,I've IVE,US Exclusive,,入れない
イソ,37,I've IVE,Naver Live,,入れない
イソ,38,I've IVE,Naver Live,2,入れない
イソ,43,I've MINE,Broadcast,Baddie,入れない
イソ,45,I've MINE,Starship Square,PB LOVED IVE,同じ写真（アプリの方が大きいのでそのまま）
イソ,46,I've MINE,KMStation,1.0,同じ写真（アプリの方が大きいのでそのまま）
イソ,52,I've MINE,Soundwave ラキドロ,3-2,入れない
イソ,53,I've MINE,Soundwave ラキドロ,3-3,入れない
イソ,56,I've MINE,withmuu,4.0,ちがう画像だったので入れ替えた
イソ,57,I've MINE,Soundwave ファンサイン,Singapore,新しい枠（6 人）
イソ,61,I've MINE,Soundwave ファンサイン,Malaysia,新しい枠（6 人）
イソ,62,I've MINE,Sony Music Japan,2-1,新しい枠（6 人）
イソ,63,I've MINE,Sony Music Japan,2-2,新しい枠（6 人）
イソ,64,I've MINE,Sony Music Japan,2-4,新しい枠（6 人）
イソ,65,I've MINE,Sony Music Japan,2-5,新しい枠（6 人）
イソ,66,I've MINE,A!SMART ファンサイン,,新しい枠（6 人）
イソ,68,IVE SWITCH,本体封入,SPIN-OFF,同じ写真（アプリの方が大きいのでそのまま）
イソ,69,I've MINE,Yizhiyu,3.0,新しい枠（6 人）
イソ,70,IVE SWITCH,Tower Records,2,新しい枠（6 人）
イソ,72,IVE SWITCH,Soundwave ラキドロ,2.0 POLA,画像を入れた
イソ,73,IVE SWITCH,withmuu ラキドロ,1.0-2,ちがう画像だったので入れ替えた
イソ,74,IVE SWITCH,withmuu ラキドロ,1.0-3,新しい枠（6 人）
イソ,76,IVE SWITCH,Soundwave ラキドロ,4.0 POLA,画像を入れた
イソ,77,IVE SWITCH,withmuu ラキドロ,3.0-3,新しい枠（6 人）
イソ,79,IVE SWITCH,withmuu ラキドロ,4.0-3,新しい枠（6 人）
イソ,81,IVE SWITCH,Makestar ラキドロ,4.0 POLA,画像を入れた
イソ,83,IVE SWITCH,withmuu ラキドロ,4.0（2 組目）-3,新しい枠（6 人）
イソ,84,IVE SWITCH,Soundwave ラキドロ,3.0-1,入れない
イソ,85,IVE SWITCH,Soundwave ラキドロ,3.0-2,入れない
イソ,86,IVE SWITCH,Soundwave ラキドロ,3.0-3,入れない
イソ,87,IVE SWITCH,Soundwave ラキドロ,3.0-4,入れない
イソ,88,IVE SWITCH,Soundwave ラキドロ,6.0 POLA,画像を入れた
イソ,90,IVE SWITCH,Soundwave ラキドロ,9.0 POLA,画像を入れた
イソ,91,IVE SWITCH,TOKYO DOME 限定,9/4,入れない
イソ,92,IVE SWITCH,TOKYO DOME 限定,9/5,入れない
イソ,93,IVE SWITCH,Soundwave ラキドロ,11.0 POLA,画像を入れた
イソ,94,IVE SWITCH,Yizhiyu ファンサイン,2.0,同じ写真（アプリの方が大きいのでそのまま）
イソ,96,IVE EMPATHY,MD,,同じ写真（アプリの方が大きいのでそのまま）
イソ,97,IVE EMPATHY,Starship Square,3TYPE 1,同じ写真（アプリの方が大きいのでそのまま）
イソ,106,IVE EMPATHY,StarRiver,1.0,枠あり（表の画像は使えないのでそのまま）
イソ,111,IVE EMPATHY,StarRiver,2.0,枠あり（表の画像は使えないのでそのまま）
イソ,112,IVE EMPATHY,Makestar,2.0,同じ写真で大きい方に入れ替えた
イソ,113,IVE EMPATHY,withmuu,2.0 Live Studio Choom,ちがう画像だったので入れ替えた
イソ,114,IVE EMPATHY,Makestar,3.0,同じ写真で大きい方に入れ替えた
イソ,121,IVE EMPATHY,Soundwave ラキドロ,2.0-2,新しい枠（6 人）
イソ,122,IVE EMPATHY,オフラインイベント,TOKYO 2,新しい枠（6 人）
イソ,124,IVE EMPATHY,StarRiver,2.0（2 枚目）,新しい枠（6 人）・画像なし
イソ,125,IVE EMPATHY,Soundwave,4.0（2 枚目）,新しい枠（6 人）
イソ,126,IVE EMPATHY,K-MONSTAR,Taiwan POLA,同じ写真で大きい方に入れ替えた
イソ,127,IVE EMPATHY,Makestar,4.0 Shanghai,同じ写真で大きい方に入れ替えた
イソ,128,IVE EMPATHY,Makestar,4.0 Shanghai 3,新しい枠（6 人）
イソ,129,IVE SECRET,MD,,画像を入れた
イソ,131,IVE SECRET,Starship Square,Digipack,同じ写真（アプリの方が大きいのでそのまま）
イソ,134,IVE SECRET,Apple Music,1.0,同じ写真（アプリの方が大きいのでそのまま）
イソ,136,IVE SECRET,Tower Records,Shibuya,同じ写真（アプリの方が大きいのでそのまま）
イソ,137,IVE SECRET,Sony Music,B,同じ写真で大きい方に入れ替えた
イソ,138,IVE SECRET,Mukor,,新しい枠（6 人）
イソ,139,IVE SECRET,OLIVE YOUNG ラキドロ,,同じ写真（アプリの方が大きいのでそのまま）
イソ,144,IVE SECRET,MusicArt,,同じ写真で大きい方に入れ替えた
イソ,145,IVE SECRET,Makestar,3.0,同じ写真で大きい方に入れ替えた
イソ,146,IVE SECRET,オフラインイベント,9.23 TOKYO,同じ写真で大きい方に入れ替えた
イソ,147,IVE SECRET,QQ Music,1,画像を入れた
イソ,148,IVE SECRET,QQ Music,2,画像を入れた
イソ,149,IVE SECRET,QQ Music,3,画像を入れた
イソ,150,IVE SECRET,QQ Music,4,画像を入れた
イソ,152,IVE SECRET,withmuu ラキドロ,2.0,ちがう画像だったので入れ替えた
イソ,153,IVE SECRET,withmuu ラキドロ,2.0 POLA,ちがう画像だったので入れ替えた
イソ,157,IVE SECRET,Shanghai,WINNER,新しい枠（6 人）
イソ,159,IVE SECRET,KMONSTAR,2.0,同じ写真で大きい方に入れ替えた
イソ,163,IVE SECRET,withmuu ラキドロ,5.0-2,新しい枠（6 人）
イソ,164,IVE SECRET,QQ Music × Starship Square,Christmas,新しい枠（6 人）
イソ,165,IVE SECRET,IDOLSHOP,,同じ写真で大きい方に入れ替えた
イソ,167,IVE SECRET,withmuu ラキドロ,4.0-3,新しい枠（6 人）
イソ,173,REVIVE+,本体封入,MINI MINI,画像を入れた
イソ,175,REVIVE+,Mukor,,新しい枠（6 人）
イソ,180,REVIVE+,QQ Music,Member set 2,新しい枠（6 人）
イソ,181,REVIVE+,QQ Music,2.0 ランダム 1,新しい枠（6 人）
イソ,182,REVIVE+,QQ Music,2.0 ランダム 2,新しい枠（6 人）
イソ,183,REVIVE+,QQ Music,2.0 ランダム 3,新しい枠（6 人）
イソ,184,REVIVE+,QQ Music,2.0 ランダム 4,新しい枠（6 人）
イソ,185,REVIVE+,QQ Music,2.0 ランダム 5,新しい枠（6 人）
イソ,186,REVIVE+,QQ Music,2.0 ランダム 6,新しい枠（6 人）
イソ,189,REVIVE+,Soundwave ラキドロ,2.0,同じ写真で大きい方に入れ替えた
イソ,190,REVIVE+,MusicArt ラキドロ,2.0 POLA,同じ写真で大きい方に入れ替えた
イソ,194,REVIVE+,KMONSTAR,1.0,ちがう画像だったので入れ替えた
イソ,198,ALIVE,A!SMART,ユニット 1,入れない
イソ,199,ALIVE,A!SMART,ユニット 2,入れない
イソ,201,ALIVE,オフラインイベント,9/4 TOKYO ユニット 1,入れない
イソ,202,ALIVE,オフラインイベント,9/4 TOKYO ユニット 2,入れない
イソ,203,ALIVE,オフラインイベント,9/5 TOKYO ユニット 1,入れない
イソ,204,ALIVE,オフラインイベント,9/5 TOKYO ユニット 2,入れない
イソ,205,ALIVE,オフラインイベント,10/13 TOKYO ユニット,入れない
イソ,206,ALIVE,オフラインイベント,10/13 TOKYO ユニット,入れない
イソ,207,ALIVE,オフラインイベント,10/14 OSAKA ユニット,入れない
イソ,208,ALIVE,オフラインイベント,10/14 OSAKA ユニット,入れない
イソ,209,Be Alright,Sony Music ラキドロ,,ちがう画像だったので入れ替えた
イソ,211,Be Alright,オフラインイベント,9.23 TOKYO,画像を入れた
イソ,212,Be Alright,オフラインイベント,9.24 OSAKA,画像を入れた
イソ,213,Be Alright,オフラインイベント,10.12 TOKYO,画像を入れた
イソ,214,Be Alright,オフラインイベント,10.13 OSAKA,画像を入れた
イソ,216,LUCID DREAM,本体封入,期間生産限定盤,同じ写真で大きい方に入れ替えた
イソ,217,LUCID DREAM,本体封入,DIVE 盤,新しい枠（6 人）
イソ,218,LUCID DREAM,タワレコ,B,同じ写真で大きい方に入れ替えた
イソ,220,LUCID DREAM,SWIA OSAKA exclusive,4.19,入れない
リズ,9,LOVE DIVE,Makestar,2.0,新しい枠（6 人）
リズ,12,LOVE DIVE,Fansign Special,,画像を入れた
リズ,13,LOVE DIVE,Fansign Special,2,新しい枠（6 人）
リズ,23,LOVE DIVE,Fansign,,新しい枠（6 人）
リズ,27,After LIKE,withmuu ラキドロ,2.0-2,同じ写真（アプリの方が大きいのでそのまま）
リズ,28,After LIKE,本体封入,ver.1,同じ写真（アプリの方が大きいのでそのまま）
リズ,29,After LIKE,Tower Records,2,画像を入れた
リズ,30,After LIKE,TOU,WINNER,新しい枠（6 人）
リズ,31,After LIKE,Broadcast,After ver.,同じ写真（アプリの方が大きいのでそのまま）
リズ,32,After LIKE,Broadcast,グループ 2,入れない
リズ,35,I've IVE,Vinyl,,新しい枠（6 人）
リズ,36,I've IVE,US Exclusive,,入れない
リズ,37,I've IVE,Namil Music,,同じ写真（アプリの方が大きいのでそのまま）
リズ,40,I've IVE,Tower Records,2,同じ写真（アプリの方が大きいのでそのまま）
リズ,41,I've IVE,Naver Live,,入れない
リズ,42,I've IVE,Naver Live,グループ 2,入れない
リズ,44,I've IVE,Fansign,,新しい枠（6 人）
リズ,46,I've MINE,Broadcast,グループ 1,入れない
リズ,49,I've MINE,Starship Square,PB LOVED IVE,同じ写真（アプリの方が大きいのでそのまま）
リズ,50,I've MINE,Namil Music,1.0,同じ写真で大きい方に入れ替えた
リズ,54,I've MINE,Tower Records,1.0,同じ写真（アプリの方が大きいのでそのまま）
リズ,57,I've MINE,KMStation,2.0,同じ写真（アプリの方が大きいのでそのまま）
リズ,63,I've MINE,Soundwave ラキドロ,3 ユニット 1,入れない
リズ,64,I've MINE,Soundwave ラキドロ,3 ユニット 2,入れない
リズ,72,I've MINE,Soundwave ファンサイン,Singapore,新しい枠（6 人）
リズ,74,I've MINE,Soundwave,8.0 Daegu,同じ写真（アプリの方が大きいのでそのまま）
リズ,76,I've MINE,Soundwave ファンサイン,Malaysia,新しい枠（6 人）
リズ,77,I've MINE,Sony Music Japan,2-1,新しい枠（6 人）
リズ,78,I've MINE,Sony Music Japan,2-2,新しい枠（6 人）
リズ,79,I've MINE,Sony Music Japan,2-3,新しい枠（6 人）
リズ,80,I've MINE,Sony Music Japan,2-4,新しい枠（6 人）
リズ,81,I've MINE,Sony Music Japan,2-5,新しい枠（6 人）
リズ,82,I've MINE,A!SMART ファンサイン,,新しい枠（6 人）
リズ,83,I've MINE,Taiwan,2,新しい枠（6 人）
リズ,84,IVE SWITCH,本体封入,Lenticular,同じ写真（アプリの方が大きいのでそのまま）
リズ,92,I've MINE,Yizhiyu,3.0,新しい枠（6 人）
リズ,95,IVE SWITCH,Tower Records,2,新しい枠（6 人）
リズ,98,IVE SWITCH,Soundwave ラキドロ,2.0 POLA,画像を入れた
リズ,99,IVE SWITCH,withmuu ラキドロ,1.0-1,同じ写真（アプリの方が大きいのでそのまま）
リズ,101,IVE SWITCH,withmuu ラキドロ,1.0-3,新しい枠（6 人）
リズ,104,IVE SWITCH,Soundwave ラキドロ,4.0 POLA,画像を入れた
リズ,105,IVE SWITCH,withmuu ラキドロ,3.0-3,新しい枠（6 人）
リズ,111,IVE SWITCH,Makestar ラキドロ,4.0 POLA,画像を入れた
リズ,112,IVE SWITCH,withmuu ラキドロ,4.0-3,新しい枠（6 人）
リズ,113,IVE SWITCH,withmuu ラキドロ,4.0（2 組目）-3,新しい枠（6 人）
リズ,114,IVE SWITCH,Soundwave ラキドロ,6.0,入れない
リズ,115,IVE SWITCH,Soundwave ラキドロ,6.0,入れない
リズ,116,IVE SWITCH,Soundwave ラキドロ,6.0,入れない
リズ,117,IVE SWITCH,Soundwave ラキドロ,6.0,入れない
リズ,118,IVE SWITCH,Soundwave ラキドロ,6.0 POLA,画像を入れた
リズ,121,IVE SWITCH,Soundwave ラキドロ,9.0 POLA,画像を入れた
リズ,122,IVE SWITCH,Japan ファンサイン,Tokyo,同じ写真（アプリの方が大きいのでそのまま）
リズ,123,IVE SWITCH,TOKYO DOME 限定,9/4,入れない
リズ,124,IVE SWITCH,TOKYO DOME 限定,9/5,入れない
リズ,129,IVE SWITCH,StarRiver ファンサイン,3.0,新しい枠（6 人）
リズ,135,IVE EMPATHY,StarRiver,1.0,枠あり（表の画像は使えないのでそのまま）
リズ,138,IVE EMPATHY,StarRiver,2.0,枠あり（表の画像は使えないのでそのまま）
リズ,140,IVE EMPATHY,Soundwave ラキドロ,2.0,同じ写真で大きい方に入れ替えた
リズ,148,IVE EMPATHY,withmuu ラキドロ,5.0 POLA,同じ写真（アプリの方が大きいのでそのまま）
リズ,149,IVE EMPATHY,Soundwave ラキドロ,2.0-1,新しい枠（6 人）
リズ,150,IVE EMPATHY,Soundwave ラキドロ,2.0-2,新しい枠（6 人）
リズ,153,IVE EMPATHY,オフラインイベント,TOKYO 2,新しい枠（6 人）
リズ,155,IVE EMPATHY,StarRiver,2.0（2 枚目）,新しい枠（6 人）・画像なし
リズ,156,IVE EMPATHY,Soundwave,4.0（2 枚目）,新しい枠（6 人）
リズ,159,IVE EMPATHY,Makestar,4.0 Shanghai カフェ店長 ver.,同じ写真で大きい方に入れ替えた
リズ,160,IVE EMPATHY,Makestar,4.0 Shanghai 3,新しい枠（6 人）
リズ,161,IVE EMPATHY,Broadcast,1.0,同じ写真で大きい方に入れ替えた
リズ,162,IVE SECRET,MD,,画像を入れた
リズ,170,IVE SECRET,StarRiver,,枠あり（表の画像は使えないのでそのまま）
リズ,171,IVE SECRET,hellolive,1.0,同じ写真で大きい方に入れ替えた
リズ,174,IVE SECRET,MusicArt,,同じ写真で大きい方に入れ替えた
リズ,176,IVE SECRET,QQ Music,1,画像を入れた
リズ,177,IVE SECRET,QQ Music,2,画像を入れた
リズ,179,IVE SECRET,Soundwave ラキドロ,2.0,同じ写真（アプリの方が大きいのでそのまま）
リズ,180,IVE SECRET,Soundwave ラキドロ,6.0,同じ写真で大きい方に入れ替えた
リズ,181,IVE SECRET,QQ Music,4,画像を入れた
リズ,184,IVE SECRET,Shanghai,WINNER,新しい枠（6 人）
リズ,185,IVE SECRET,hellolive,2.0,同じ写真で大きい方に入れ替えた
リズ,186,IVE SECRET,KMONSTAR,2.0,同じ写真で大きい方に入れ替えた
リズ,187,IVE SECRET,QQ Music,3,画像を入れた
リズ,188,IVE SECRET,Yetimall ラキドロ,-1,同じ写真で大きい方に入れ替えた
リズ,189,IVE SECRET,QQ Music × Starship Square,Christmas,新しい枠（6 人）
リズ,192,IVE SECRET,withmuu ラキドロ,4.0-3,新しい枠（6 人）
リズ,193,IVE SECRET,Yetimall ラキドロ,POLA,同じ写真で大きい方に入れ替えた
リズ,194,IVE SECRET,Apple Music ラキドロ,5.0 POLA,同じ写真で大きい方に入れ替えた
リズ,195,IVE SECRET,withmuu ラキドロ,5.0-2,新しい枠（6 人）
リズ,199,REVIVE+,本体封入,MINI MINI,画像を入れた
リズ,207,REVIVE+,withmuu ラキドロ,3.0,同じ写真で大きい方に入れ替えた
リズ,208,REVIVE+,QQ Music,Membership,画像を入れた
リズ,209,REVIVE+,QQ Music,Member set 2,新しい枠（6 人）
リズ,210,REVIVE+,QQ Music,2.0 ランダム 1,新しい枠（6 人）
リズ,211,REVIVE+,QQ Music,2.0 ランダム 2,新しい枠（6 人）
リズ,212,REVIVE+,QQ Music,2.0 ランダム 3,新しい枠（6 人）
リズ,213,REVIVE+,QQ Music,2.0 ランダム 4,新しい枠（6 人）
リズ,214,REVIVE+,QQ Music,2.0 ランダム 5,新しい枠（6 人）
リズ,215,REVIVE+,QQ Music,2.0 ランダム 6,新しい枠（6 人）
リズ,217,REVIVE+,QQ Music,POP-UP,画像を入れた
リズ,223,REVIVE+,KMStation,2.0,同じ写真で大きい方に入れ替えた
リズ,226,REVIVE+,KMONSTAR,1.0,同じ写真（アプリの方が大きいのでそのまま）
リズ,230,ALIVE,A!SMART,ユニット 1,入れない
リズ,231,ALIVE,A!SMART,ユニット 2,入れない
リズ,234,ALIVE,オフラインイベント,9/4 TOKYO ユニット,入れない
リズ,235,ALIVE,オフラインイベント,9/4 TOKYO ユニット,入れない
リズ,236,ALIVE,オフラインイベント,9/5 TOKYO ユニット 1,入れない
リズ,237,ALIVE,オフラインイベント,9/5 TOKYO ユニット 2,入れない
リズ,238,ALIVE,本体封入,会場限定盤,新しい枠（6 人）
リズ,239,ALIVE,オフラインイベント,10/13 TOKYO ユニット,入れない
リズ,240,ALIVE,オフラインイベント,10/13 TOKYO ユニット,入れない
リズ,241,ALIVE,オフラインイベント,10/14 OSAKA ユニット,入れない
リズ,242,ALIVE,オフラインイベント,10/14 OSAKA ユニット,入れない
リズ,245,Be Alright,Tower Records,B,同じ写真で大きい方に入れ替えた
リズ,246,Be Alright,Sony Music ラキドロ,,同じ写真で大きい方に入れ替えた
リズ,247,Be Alright,A!SMART,A,同じ写真で大きい方に入れ替えた
リズ,249,Be Alright,オフラインイベント,9.23 TOKYO,画像を入れた
リズ,250,Be Alright,オフラインイベント,9.24 OSAKA,画像を入れた
リズ,251,LUCID DREAM,A!SMART,A,同じ写真で大きい方に入れ替えた
リズ,255,Be Alright,オフラインイベント,10.13 OSAKA,画像を入れた
ガウル/ウォニョン/イソ,31,After LIKE,Broadcast,グループ 1,何人かのカードの枠
ユジン/レイ/リズ,31,After LIKE,Broadcast,グループ 2,何人かのカードの枠
ガウル/ウォニョン/イソ,37,I've IVE,Naver Live,グループ 1,何人かのカードの枠
ガウル/リズ/イソ,38,I've IVE,Naver Live,グループ 2,何人かのカードの枠
ユジン/ウォニョン,37,I've IVE,Naver Live,ユニット 1,何人かのカードの枠
ユジン/リズ/イソ,43,I've MINE,Broadcast,グループ 1,何人かのカードの枠
ガウル/レイ/ウォニョン,43,I've MINE,Broadcast,グループ 2,何人かのカードの枠
リズ/イソ,52,I've MINE,Soundwave ラキドロ,3 ユニット 1,何人かのカードの枠
リズ/イソ,53,I've MINE,Soundwave ラキドロ,3 ユニット 2,何人かのカードの枠
ユジン/イソ,84,IVE SWITCH,Soundwave ラキドロ,6.0,何人かのカードの枠
ガウル/イソ,85,IVE SWITCH,Soundwave ラキドロ,6.0,何人かのカードの枠
レイ/イソ,86,IVE SWITCH,Soundwave ラキドロ,6.0,何人かのカードの枠
リズ/イソ,87,IVE SWITCH,Soundwave ラキドロ,6.0,何人かのカードの枠
ユジン/イソ,201,ALIVE,オフラインイベント,9/4 TOKYO ユニット 1,何人かのカードの枠
ユジン/イソ,202,ALIVE,オフラインイベント,9/4 TOKYO ユニット 2,何人かのカードの枠
ガウル/リズ,114,IVE SWITCH,Soundwave ラキドロ,6.0,何人かのカードの枠
レイ/リズ,115,IVE SWITCH,Soundwave ラキドロ,6.0,何人かのカードの枠
リズ/ウォニョン,116,IVE SWITCH,Soundwave ラキドロ,6.0,何人かのカードの枠
レイ/リズ,123,IVE SWITCH,TOKYO DOME 限定,9/4,何人かのカードの枠
リズ/イソ,124,IVE SWITCH,TOKYO DOME 限定,9/5,何人かのカードの枠
レイ/リズ,236,ALIVE,オフラインイベント,9/5 TOKYO ユニット 1,何人かのカードの枠
レイ/リズ,237,ALIVE,オフラインイベント,9/5 TOKYO ユニット 2,何人かのカードの枠
ガウル/リズ,239,ALIVE,オフラインイベント,10/13 TOKYO ユニット,何人かのカードの枠
レイ/リズ,240,ALIVE,オフラインイベント,10/13 TOKYO ユニット,何人かのカードの枠
ガウル/リズ,241,ALIVE,オフラインイベント,10/14 OSAKA ユニット,何人かのカードの枠
レイ/リズ,242,ALIVE,オフラインイベント,10/14 OSAKA ユニット,何人かのカードの枠
