member,source,version,row,col,best,second,min_block,old_w,new_w,result
ユジン,本体封入,BANGERS,0,0,0.875,0.562,0.482,136,302,差し替え
ユジン,本体封入,CHALLENGERS,0,1,0.839,0.77,0.232,121,302,
ユジン,本体封入,SPOILERS,0,2,0.773,0.542,-0.01,120,302,
ユジン,本体封入,LOVED IVE,0,3,0.816,0.599,0.199,386,302,
ユジン,本体封入,Digipack,0,4,0.908,0.8,0.643,184,302,差し替え
ユジン,本体封入,PETIT-IVE,0,7,0.958,0.734,0.483,184,302,差し替え
ユジン,MD,,0,5,0.851,0.531,0.329,120,302,
ユジン,Starship Square,3TYPE,1,0,0.898,0.639,0.214,147,302,
ユジン,Starship Square,LOVED IVE,1,1,0.966,0.548,0.845,173,302,差し替え
ユジン,Starship Square,Digipack,1,2,0.954,0.645,0.442,146,302,差し替え
ユジン,京东,1.0,1,5,0.928,0.71,0.106,146,302,
ユジン,withmuu,1.0,1,4,0.813,0.547,-0.068,147,302,
ユジン,Apple Music,1.0,1,3,0.978,0.755,0.824,146,302,差し替え
ユジン,Music Korea,1.0,1,7,0.739,0.621,-0.1,147,302,
ユジン,Kakao Talk,,1,6,0.854,0.62,0.513,147,302,差し替え
ユジン,US Exclusive,,0,8,0.938,0.723,0.531,136,302,差し替え
ユジン,Target,,0,9,0.952,0.618,0.711,184,302,差し替え
ユジン,B&N,,0,10,0.736,0.579,0.363,119,302,
ユジン,Ktown4U,1.0,1,8,0.859,0.669,0.23,172,302,
ユジン,Tower Records,A,1,9,0.815,0.678,0.365,147,302,
ユジン,Tower Records,Shibuya,1,10,0.854,0.481,0.464,147,302,差し替え
ユジン,Sony Music,B,2,1,0.834,0.559,0.552,405,302,
ユジン,A!SMART,C,7,1,0.685,0.658,-0.033,184,302,
ユジン,Soundwave,1.0,2,4,0.978,0.663,0.656,147,302,差し替え
ユジン,Makestar,1.0,2,0,0.788,0.689,0.052,153,302,
ユジン,MusicArt,1.0,5,2,0.313,0.3,-0.266,121,302,
ユジン,ARTBOX,,2,3,0.722,0.291,0.562,120,302,
ユジン,Broadcast,BANG BANG,7,10,0.825,0.622,0.311,163,302,
ユジン,withmuu,2.0 Killing Voice,2,6,0.717,0.608,0.229,147,302,
ユジン,withmuu ラキドロ,3.0,2,8,0.934,0.754,0.644,146,302,差し替え
ユジン,withmuu ラキドロ,3.0 POLA,3,8,0.429,0.412,-0.438,102,302,
ユジン,OLIVE YOUNG ラキドロ,,2,5,0.831,0.597,-0.006,122,302,
ユジン,Music Korea,2.0,2,10,0.726,0.612,0.255,121,302,
ユジン,HOTTRACKS,,2,7,0.685,0.552,-0.225,120,302,
ユジン,Showcase,,8,1,0.948,0.518,0.663,146,302,差し替え
ユジン,Makestar,2.0,3,0,0.754,0.461,0.317,146,302,
ユジン,Apple Music,2.0,3,3,0.638,0.444,-0.119,120,302,
ユジン,Broadcast,BLACK HOLE,8,0,0.902,0.74,-0.419,120,302,
ユジン,withmuu,4.0,4,3,0.925,0.531,0.391,147,302,差し替え
ユジン,NY Music,1.0,2,0,0.659,0.631,-0.082,121,302,
ユジン,QQ音乐 ラキドロ,,4,0,0.93,0.54,-0.496,120,302,
ユジン,Beatroad,1.0,4,1,0.577,0.555,-0.321,147,302,
ユジン,Apple Music,3.0,4,2,0.8,0.456,-0.108,121,302,
ユジン,withmuu ラキドロ,5.0-1,4,5,0.913,0.601,0.562,121,302,差し替え
ユジン,withmuu ラキドロ,5.0-2,4,4,0.978,0.755,0.849,145,302,差し替え
ユジン,Soundwave ラキドロ,2.0,4,6,0.972,0.672,0.807,147,302,差し替え
ユジン,Soundwave ラキドロ,2.0 POLA,4,7,0.529,0.408,-0.702,105,302,
ユジン,MusicArt ラキドロ,2.0,4,8,0.853,0.653,-0.045,120,302,
ユジン,MusicArt ラキドロ,2.0 POLA,4,9,0.626,0.526,-0.24,104,302,
ユジン,オフラインイベント,4.11 TOKYO,4,10,0.852,0.698,-0.126,146,302,
ユジン,オフラインイベント,4.12 OSAKA,5,0,0.948,0.602,0.033,147,302,
ユジン,KMStation,1.0,5,8,0.941,0.549,0.413,147,302,差し替え
ユジン,SWIA OSAKA exclusive,4.18,5,3,0.967,0.717,0.546,147,302,差し替え
ユジン,SWIA OSAKA exclusive,4.19,5,4,0.829,0.703,0.005,386,302,
ユジン,オフラインイベント,4.29 TOKYO,5,5,0.895,0.603,-0.146,121,302,
ユジン,withmuu ラキドロ,6.0,5,1,0.838,0.658,0.062,164,302,
ユジン,withmuu ラキドロ,6.0 POLA,5,2,0.655,0.48,0.043,158,302,
ユジン,withmuu,7.0,5,6,0.803,0.708,-0.03,147,302,
ユジン,KMStation,2.0,5,9,0.849,0.669,-0.039,164,302,
ユジン,Makestar,3.0,5,7,0.841,0.757,0.27,120,302,
ユジン,Ktown4U,2.0,6,0,0.858,0.638,0.501,121,302,差し替え
ユジン,京东,2.0,6,3,0.884,0.688,0.085,147,302,
ユジン,Music Korea,3.0,6,2,0.83,0.694,0.071,146,302,
ユジン,Ktown4U,3.0,6,4,0.829,0.623,0.496,147,302,
ユジン,withmuu,8.0,6,5,0.698,0.532,-0.026,147,302,
ユジン,withmuu ラキドロ,9.0,6,6,0.929,0.771,0.722,119,302,差し替え
ユジン,withmuu ラキドロ,9.0 POLA,6,7,0.79,0.405,0.381,164,302,
ユジン,withmuu,10.0,6,8,0.807,0.385,0.25,120,302,
ユジン,Ktown4U ラキドロ,4.0,6,9,0.945,0.494,0.624,147,302,差し替え
ユジン,Ktown4U ラキドロ,4.0 POLA,6,10,0.885,0.493,0.475,178,302,差し替え
ユジン,Soundwave ラキドロ,3.0,7,1,0.986,0.785,0.921,184,302,差し替え
ユジン,Soundwave ラキドロ,3.0 POLA,7,2,0.601,0.451,0.254,153,302,
ユジン,Yetimall,1.0,2,8,0.68,0.672,-0.353,184,302,
ユジン,Yetimall,2.0,2,4,0.827,0.699,0.18,184,302,
ユジン,Makestar ラキドロ,4.0,7,5,0.782,0.679,-0.25,120,302,
ユジン,Makestar ラキドロ,4.0 POLA,7,6,0.821,0.534,0.059,118,302,
ユジン,KMONSTAR,1.0,1,10,0.545,0.544,-0.488,184,302,
ユジン,NY Music ラキドロ,2.0,5,9,0.774,0.713,0.132,184,302,
ユジン,NY Music ラキドロ,2.0 POLA,6,7,0.62,0.473,-0.339,103,302,
ユジン,HIT! MAGAZINE,,3,2,0.503,0.481,-0.294,533,302,
ユジン,QQ Music,Membership,3,1,1.0,0.481,1.0,302,302,
ユジン,QQ Music,Member set 2,3,2,1.0,0.732,0.995,302,302,
ユジン,QQ Music,2.0 ランダム 5,6,7,0.394,0.391,-0.123,591,302,
ユジン,KMStation,3.0,3,7,0.605,0.327,-0.435,310,302,
ユジン,KMStation,4.0,1,6,0.556,0.552,-0.267,263,302,
ユジン,本体封入,MINI MINI,0,6,0.368,0.326,-0.136,175,302,
ユジン,QQ Music,2.0 ランダム 1,3,5,0.854,0.554,0.354,184,302,差し替え
ユジン,QQ Music,2.0 ランダム 2,3,6,0.98,0.603,0.785,184,302,差し替え
ユジン,QQ Music,2.0 ランダム 3,3,7,0.732,0.498,-0.347,176,302,
ユジン,QQ Music,2.0 ランダム 4,3,8,0.957,0.447,0.508,184,302,差し替え
ユジン,QQ Music,2.0 ランダム 6,3,10,0.707,0.279,-0.479,164,302,
ユジン,KMONSTAR,2.0,7,0,0.976,0.581,0.675,184,302,差し替え
ガウル,本体封入,BANGERS,0,0,0.609,0.489,-0.242,120,302,
ガウル,本体封入,CHALLENGERS,0,1,0.639,0.631,-0.061,167,302,
ガウル,本体封入,SPOILERS,0,2,0.784,0.465,-0.112,120,302,
ガウル,本体封入,LOVED IVE,0,3,0.863,0.522,0.211,382,302,
ガウル,本体封入,Digipack,0,4,0.839,0.781,0.13,120,302,
ガウル,本体封入,PETIT-IVE,0,7,0.929,0.527,0.456,121,302,差し替え
ガウル,MD,,0,5,0.705,0.517,0.175,119,302,
ガウル,Starship Square,3TYPE,1,0,0.864,0.453,0.32,120,302,
ガウル,Starship Square,LOVED IVE,1,1,0.78,0.518,0.232,120,302,
ガウル,Starship Square,Digipack,1,2,0.814,0.563,0.11,120,302,
ガウル,京东,1.0,1,5,0.739,0.477,0.011,122,302,
ガウル,withmuu,1.0,1,4,0.933,0.484,0.568,147,302,差し替え
ガウル,Apple Music,1.0,1,3,0.891,0.757,0.707,122,302,差し替え
ガウル,Music Korea,1.0,1,7,0.727,0.589,-0.12,147,302,
ガウル,Kakao Talk,,1,6,0.606,0.384,-0.398,122,302,
ガウル,US Exclusive,,0,8,0.874,0.742,0.574,120,302,差し替え
ガウル,Target,,0,9,0.688,0.414,-0.098,120,302,
ガウル,B&N,,0,10,0.873,0.329,0.346,184,302,
ガウル,Ktown4U,1.0,1,8,0.442,0.426,-0.449,120,302,
ガウル,Tower Records,A,0,2,0.524,0.518,-0.521,386,302,
ガウル,Tower Records,Shibuya,1,10,0.876,0.645,-0.254,147,302,
ガウル,Sony Music,B,2,1,0.713,0.285,0.19,405,302,
ガウル,A!SMART,C,2,2,0.677,0.433,-0.042,122,302,
ガウル,Soundwave,1.0,2,4,0.795,0.514,-0.165,120,302,
ガウル,Makestar,1.0,2,0,0.622,0.614,-0.199,121,302,
ガウル,MusicArt,1.0,7,6,0.422,0.298,-0.385,121,302,
ガウル,ARTBOX,,2,3,0.421,0.388,-0.035,120,302,
ガウル,Broadcast,BANG BANG,7,10,0.856,0.7,0.028,163,302,
ガウル,withmuu,2.0 Killing Voice,2,6,0.722,0.422,0.11,147,302,
ガウル,withmuu ラキドロ,3.0,2,8,0.695,0.636,0.028,121,302,
ガウル,withmuu ラキドロ,3.0 POLA,2,9,0.818,0.755,-0.047,120,302,
ガウル,OLIVE YOUNG ラキドロ,,2,5,0.919,0.618,0.476,147,302,差し替え
ガウル,Music Korea,2.0,2,10,0.726,0.665,0.238,147,302,
ガウル,HOTTRACKS,,2,7,0.668,0.321,-0.187,120,302,
ガウル,Showcase,,8,1,0.88,0.471,0.627,120,302,差し替え
ガウル,Makestar,2.0,3,0,0.929,0.657,0.093,147,302,
ガウル,Apple Music,2.0,3,3,0.746,0.452,0.058,146,302,
ガウル,Broadcast,BLACK HOLE,8,0,0.895,0.579,0.024,119,302,
ガウル,withmuu,4.0,4,3,0.597,0.443,-0.264,120,302,
ガウル,NY Music,1.0,3,4,0.902,0.669,0.436,185,302,差し替え
ガウル,QQ音乐 ラキドロ,,4,0,0.86,0.401,0.393,147,302,差し替え
ガウル,Beatroad,1.0,4,1,0.611,0.477,-0.176,120,302,
ガウル,Apple Music,3.0,4,2,0.744,0.501,0.077,120,302,
ガウル,withmuu ラキドロ,5.0-1,4,5,0.94,0.713,0.513,184,302,差し替え
ガウル,withmuu ラキドロ,5.0-2,4,4,0.922,0.643,0.144,120,302,
ガウル,Soundwave ラキドロ,2.0,4,6,0.809,0.419,0.36,120,302,
ガウル,Soundwave ラキドロ,2.0 POLA,4,7,0.82,0.659,-0.447,103,302,
ガウル,MusicArt ラキドロ,2.0,4,8,0.938,0.799,0.515,185,302,差し替え
ガウル,MusicArt ラキドロ,2.0 POLA,4,9,0.597,0.492,-0.543,104,302,
ガウル,オフラインイベント,4.11 TOKYO,4,10,0.735,0.688,-0.44,121,302,
ガウル,オフラインイベント,4.12 OSAKA,5,0,0.531,0.466,-0.171,332,302,
ガウル,KMStation,1.0,5,8,0.726,0.66,0.006,120,302,
ガウル,SWIA OSAKA exclusive,4.18,5,3,0.788,0.618,-0.02,147,302,
ガウル,SWIA OSAKA exclusive,4.19,5,4,0.648,0.599,0.009,390,302,
ガウル,オフラインイベント,4.29 TOKYO,5,5,0.404,0.381,-0.129,120,302,
ガウル,withmuu ラキドロ,6.0,5,1,0.702,0.429,-0.019,120,302,
ガウル,withmuu ラキドロ,6.0 POLA,5,2,0.528,0.514,-0.361,148,302,
ガウル,withmuu,7.0,5,6,0.752,0.75,-0.276,120,302,
ガウル,KMStation,2.0,5,9,0.863,0.694,-0.08,146,302,
ガウル,Makestar,3.0,5,7,0.851,0.695,0.236,120,302,
ガウル,Ktown4U,2.0,6,0,0.912,0.689,0.2,120,302,
ガウル,京东,2.0,6,3,0.988,0.576,0.929,184,302,差し替え
ガウル,Music Korea,3.0,6,2,0.87,0.665,0.034,146,302,
ガウル,Ktown4U,3.0,6,4,0.919,0.772,0.56,140,302,差し替え
ガウル,withmuu,8.0,6,5,0.954,0.766,0.236,147,302,
ガウル,withmuu ラキドロ,9.0,6,6,0.869,0.755,0.228,119,302,
ガウル,withmuu ラキドロ,9.0 POLA,6,7,0.596,0.584,-0.355,108,302,
ガウル,withmuu,10.0,6,8,0.958,0.697,0.778,184,302,差し替え
ガウル,Ktown4U ラキドロ,4.0,6,9,0.889,0.606,0.23,147,302,
ガウル,Ktown4U ラキドロ,4.0 POLA,6,10,0.693,0.295,0.505,119,302,
ガウル,Soundwave ラキドロ,3.0,7,1,0.991,0.713,0.835,184,302,差し替え
ガウル,Soundwave ラキドロ,3.0 POLA,7,2,0.837,0.49,0.245,119,302,
ガウル,Yetimall,1.0,6,6,0.816,0.74,-0.495,185,302,
ガウル,Yetimall,2.0,7,0,0.761,0.74,-0.423,184,302,
ガウル,Makestar ラキドロ,4.0,7,5,0.637,0.594,0.237,121,302,
ガウル,Makestar ラキドロ,4.0 POLA,7,6,0.688,0.381,0.28,120,302,
ガウル,KMONSTAR,1.0,7,0,0.806,0.689,-0.356,184,302,
ガウル,NY Music ラキドロ,2.0,6,5,0.748,0.721,-0.321,119,302,
ガウル,NY Music ラキドロ,2.0 POLA,4,2,0.545,0.503,-0.402,134,302,
ガウル,HIT! MAGAZINE,,1,10,0.765,0.692,0.321,533,302,
ガウル,KMONSTAR,2.0,7,0,0.995,0.719,0.933,313,302,
ガウル,QQ Music,Membership,3,1,1.0,0.529,1.0,302,302,
ガウル,QQ Music,Member set 2,3,2,1.0,0.633,1.0,302,302,
ガウル,KMStation,3.0,6,5,0.628,0.613,-0.452,313,302,
ガウル,KMStation,4.0,6,4,0.705,0.698,0.026,300,302,
ガウル,本体封入,MINI MINI,0,6,0.955,0.502,0.813,184,302,差し替え
ガウル,QQ Music,2.0 ランダム 1,3,5,0.53,0.433,-0.515,185,302,
ガウル,QQ Music,2.0 ランダム 2,3,6,0.944,0.508,0.655,185,302,差し替え
ガウル,QQ Music,2.0 ランダム 3,6,4,0.53,0.484,-0.114,184,302,
ガウル,QQ Music,2.0 ランダム 4,3,8,0.956,0.578,0.813,184,302,差し替え
ガウル,QQ Music,2.0 ランダム 5,3,9,0.638,0.526,-0.097,185,302,
ガウル,QQ Music,2.0 ランダム 6,3,10,0.508,0.289,-0.3,184,302,
レイ,本体封入,BANGERS,0,0,0.908,0.695,0.328,120,302,
レイ,本体封入,CHALLENGERS,0,1,0.829,0.469,-0.014,121,302,
レイ,本体封入,SPOILERS,0,2,0.852,0.561,0.134,135,302,
レイ,本体封入,LOVED IVE,0,3,0.835,0.771,0.119,121,302,
レイ,本体封入,Digipack,2,8,0.563,0.534,-0.336,121,302,
レイ,本体封入,PETIT-IVE,0,7,0.761,0.526,0.125,120,302,
レイ,MD,,0,5,0.687,0.425,0.164,120,302,
レイ,Starship Square,3TYPE,1,0,0.949,0.668,0.495,145,302,差し替え
レイ,Starship Square,LOVED IVE,1,1,0.936,0.611,0.215,120,302,
レイ,Starship Square,Digipack,1,2,0.895,0.579,-0.094,120,302,
レイ,京东,1.0,1,5,0.869,0.551,0.051,146,302,
レイ,withmuu,1.0,1,4,0.971,0.71,0.758,185,302,差し替え
レイ,Apple Music,1.0,1,3,0.878,0.55,0.428,121,302,差し替え
レイ,Music Korea,1.0,1,7,0.673,0.457,-0.106,121,302,
レイ,Kakao Talk,,0,10,0.8,0.772,-0.191,122,302,
レイ,US Exclusive,,0,8,0.958,0.601,0.52,184,302,差し替え
レイ,Target,,0,9,0.942,0.609,0.444,185,302,差し替え
レイ,B&N,,0,10,0.954,0.759,0.59,136,302,差し替え
レイ,Ktown4U,1.0,1,8,0.595,0.593,-0.191,120,302,
レイ,Tower Records,A,1,9,0.711,0.533,-0.344,395,302,
レイ,Tower Records,Shibuya,1,10,0.854,0.556,0.142,147,302,
レイ,Sony Music,B,2,1,0.823,0.492,0.522,405,302,
レイ,A!SMART,C,2,2,0.789,0.598,0.168,184,302,
レイ,Soundwave,1.0,2,4,0.767,0.534,0.124,121,302,
レイ,Makestar,1.0,2,0,0.826,0.582,0.441,120,302,
レイ,MusicArt,1.0,6,9,0.575,0.573,-0.356,120,302,
レイ,ARTBOX,,2,3,0.88,0.324,0.37,120,302,差し替え
レイ,Broadcast,BANG BANG,7,10,0.518,0.404,-0.183,120,302,
レイ,withmuu,2.0 Killing Voice,2,6,0.558,0.439,-0.264,120,302,
レイ,withmuu ラキドロ,3.0,2,8,0.759,0.611,0.265,120,302,
レイ,withmuu ラキドロ,3.0 POLA,6,3,0.402,0.39,-0.126,169,302,
レイ,OLIVE YOUNG ラキドロ,,2,5,0.864,0.566,-0.084,147,302,
レイ,Music Korea,2.0,2,10,0.668,0.639,0.016,121,302,
レイ,HOTTRACKS,,2,7,0.44,0.349,-0.367,167,302,
レイ,Showcase,,8,1,0.834,0.362,0.315,120,302,
レイ,Makestar,2.0,3,0,0.636,0.498,-0.586,122,302,
レイ,Apple Music,2.0,3,3,0.852,0.607,-0.146,185,302,
レイ,Broadcast,BLACK HOLE,8,0,0.897,0.536,0.553,185,302,差し替え
レイ,withmuu,4.0,4,3,0.9,0.635,0.431,184,302,差し替え
レイ,NY Music,1.0,3,4,0.79,0.615,-0.251,122,302,
レイ,QQ音乐 ラキドロ,,4,0,0.878,0.615,0.363,185,302,差し替え
レイ,Beatroad,1.0,4,1,0.582,0.513,0.077,146,302,
レイ,Apple Music,3.0,4,2,0.564,0.262,0.084,120,302,
レイ,withmuu ラキドロ,5.0-1,4,5,0.901,0.716,0.231,121,302,
レイ,withmuu ラキドロ,5.0-2,4,4,0.82,0.647,-0.129,121,302,
レイ,Soundwave ラキドロ,2.0,4,6,0.62,0.406,-0.015,110,302,
レイ,Soundwave ラキドロ,2.0 POLA,0,1,0.588,0.568,-0.516,123,302,
レイ,MusicArt ラキドロ,2.0,4,8,0.904,0.262,0.597,184,302,差し替え
レイ,MusicArt ラキドロ,2.0 POLA,6,8,0.408,0.371,-0.505,104,302,
レイ,オフラインイベント,4.11 TOKYO,4,10,0.615,0.545,-0.36,120,302,
レイ,オフラインイベント,4.12 OSAKA,5,0,0.788,0.501,-0.17,386,302,
レイ,KMStation,1.0,5,8,0.741,0.447,-0.207,120,302,
レイ,SWIA OSAKA exclusive,4.18,5,3,0.866,0.534,0.096,184,302,
レイ,SWIA OSAKA exclusive,4.19,5,4,0.557,0.311,-0.264,386,302,
レイ,オフラインイベント,4.29 TOKYO,5,5,0.9,0.63,0.095,120,302,
レイ,withmuu ラキドロ,6.0,5,1,0.652,0.486,0.124,119,302,
レイ,withmuu ラキドロ,6.0 POLA,5,2,0.976,0.629,0.773,185,302,差し替え
レイ,withmuu,7.0,5,6,0.78,0.759,-0.231,118,302,
レイ,KMStation,2.0,5,9,0.929,0.516,0.067,175,302,
レイ,Makestar,3.0,5,7,0.903,0.734,0.279,147,302,
レイ,Ktown4U,2.0,6,0,0.905,0.476,0.346,120,302,
レイ,京东,2.0,6,3,0.953,0.469,0.868,184,302,差し替え
レイ,Music Korea,3.0,6,2,0.681,0.563,-0.065,146,302,
レイ,Ktown4U,3.0,6,4,0.941,0.62,0.46,146,302,差し替え
レイ,withmuu,8.0,6,5,0.92,0.692,0.262,147,302,
レイ,withmuu ラキドロ,9.0,6,6,0.884,0.579,-0.277,120,302,
レイ,withmuu ラキドロ,9.0 POLA,6,7,0.675,0.674,-0.354,111,302,
レイ,withmuu,10.0,6,8,0.849,0.385,-0.104,118,302,
レイ,Ktown4U ラキドロ,4.0,6,9,0.939,0.68,0.042,118,302,
レイ,Ktown4U ラキドロ,4.0 POLA,6,10,0.917,0.604,0.658,184,302,差し替え
レイ,Soundwave ラキドロ,3.0,7,1,0.804,0.535,0.06,120,302,
レイ,Soundwave ラキドロ,3.0 POLA,7,2,0.775,0.713,-0.32,108,302,
レイ,Yetimall,1.0,2,6,0.481,0.401,-0.089,159,302,
レイ,Yetimall,2.0,6,5,0.678,0.638,-0.549,120,302,
レイ,Makestar ラキドロ,4.0,7,5,0.782,0.556,-0.159,184,302,
レイ,Makestar ラキドロ,4.0 POLA,7,6,0.65,0.364,-0.445,111,302,
レイ,KMONSTAR,1.0,7,5,0.685,0.62,-0.222,120,302,
レイ,NY Music ラキドロ,2.0,7,5,0.465,0.428,-0.236,184,302,
レイ,NY Music ラキドロ,2.0 POLA,5,8,0.434,0.415,-0.581,103,302,
レイ,HIT! MAGAZINE,,7,5,0.623,0.619,-0.513,533,302,
レイ,KMStation,3.0,5,7,0.518,0.496,-0.608,314,302,
レイ,KMStation,4.0,6,4,0.54,0.515,-0.699,275,302,
レイ,本体封入,MINI MINI,0,6,0.95,0.471,0.528,185,302,差し替え
レイ,QQ Music,Membership,3,1,1.0,0.637,0.999,302,302,
レイ,QQ Music,Member set 2,3,2,1.0,0.556,0.983,302,302,
レイ,QQ Music,2.0 ランダム 1,3,5,0.762,0.421,0.139,184,302,
レイ,QQ Music,2.0 ランダム 2,3,6,0.965,0.589,0.765,185,302,差し替え
レイ,QQ Music,2.0 ランダム 3,3,7,0.893,0.511,0.402,183,302,差し替え
レイ,QQ Music,2.0 ランダム 4,3,8,0.975,0.461,0.624,185,302,差し替え
レイ,QQ Music,2.0 ランダム 5,3,9,0.834,0.354,0.279,185,302,
レイ,QQ Music,2.0 ランダム 6,3,10,0.629,0.385,-0.006,184,302,
レイ,KMONSTAR,2.0,7,0,0.981,0.629,0.75,184,302,差し替え
ウォニョン,本体封入,BANGERS,0,0,0.94,0.639,0.474,136,302,差し替え
ウォニョン,本体封入,CHALLENGERS,0,1,0.853,0.661,0.308,120,302,
ウォニョン,本体封入,SPOILERS,0,2,0.65,0.508,-0.183,358,302,
ウォニョン,本体封入,LOVED IVE,0,3,0.793,0.522,0.427,382,302,
ウォニョン,本体封入,Digipack,0,4,0.822,0.769,0.128,123,302,
ウォニョン,本体封入,PETIT-IVE,0,7,0.873,0.624,0.444,120,302,差し替え
ウォニョン,MD,,0,5,0.722,0.383,-0.087,121,302,
ウォニョン,Starship Square,3TYPE,1,0,0.938,0.533,0.389,147,302,差し替え
ウォニョン,Starship Square,LOVED IVE,1,1,0.956,0.645,0.627,184,302,差し替え
ウォニョン,Starship Square,Digipack,1,2,0.881,0.746,0.29,120,302,
ウォニョン,京东,1.0,1,5,0.95,0.703,0.702,146,302,差し替え
ウォニョン,withmuu,1.0,1,4,0.958,0.678,0.589,147,302,差し替え
ウォニョン,Apple Music,1.0,1,3,0.785,0.768,0.176,146,302,
ウォニョン,Music Korea,1.0,1,1,0.747,0.65,-0.598,121,302,
ウォニョン,Kakao Talk,,4,6,0.608,0.525,-0.296,121,302,
ウォニョン,US Exclusive,,0,8,0.887,0.698,0.317,122,302,
ウォニョン,Target,,0,9,0.87,0.699,-0.047,121,302,
ウォニョン,B&N,,0,10,0.889,0.491,0.546,134,302,差し替え
ウォニョン,Ktown4U,1.0,1,8,0.879,0.772,0.449,120,302,差し替え
ウォニョン,Tower Records,A,1,9,0.834,0.77,0.305,390,302,
ウォニョン,Tower Records,Shibuya,1,10,0.606,0.539,-0.105,120,302,
ウォニョン,Sony Music,B,0,10,0.553,0.488,0.004,320,302,
ウォニョン,A!SMART,C,2,2,0.881,0.687,0.185,120,302,
ウォニョン,Soundwave,1.0,0,1,0.748,0.729,-0.092,185,302,
ウォニョン,Makestar,1.0,2,0,0.982,0.684,0.539,147,302,差し替え
ウォニョン,MusicArt,1.0,7,6,0.268,0.222,-0.553,121,302,
ウォニョン,ARTBOX,,2,3,0.913,0.489,0.457,147,302,差し替え
ウォニョン,Broadcast,BANG BANG,7,10,0.929,0.661,0.703,184,302,差し替え
ウォニョン,withmuu,2.0 Killing Voice,2,6,0.845,0.772,-0.204,143,302,
ウォニョン,withmuu ラキドロ,3.0,0,8,0.89,0.82,-0.381,121,302,
ウォニョン,withmuu ラキドロ,3.0 POLA,2,9,0.657,0.502,-0.377,170,302,
ウォニョン,OLIVE YOUNG ラキドロ,,2,5,0.843,0.744,0.005,120,302,
ウォニョン,Music Korea,2.0,2,10,0.6,0.579,-0.064,147,302,
ウォニョン,HOTTRACKS,,2,7,0.741,0.558,0.049,120,302,
ウォニョン,Showcase,,8,1,0.969,0.376,0.785,185,302,差し替え
ウォニョン,Makestar,2.0,3,0,0.967,0.591,0.734,146,302,差し替え
ウォニョン,Apple Music,2.0,3,3,0.841,0.574,0.203,147,302,
ウォニョン,Broadcast,BLACK HOLE,8,0,0.861,0.671,-0.012,120,302,
ウォニョン,withmuu,4.0,4,3,0.827,0.484,0.292,147,302,
ウォニョン,NY Music,1.0,3,1,0.597,0.572,-0.541,122,302,
ウォニョン,QQ音乐 ラキドロ,,4,0,0.649,0.405,0.388,120,302,
ウォニョン,Beatroad,1.0,4,1,0.882,0.647,0.288,146,302,
ウォニョン,Apple Music,3.0,4,2,0.799,0.409,0.096,121,302,
ウォニョン,withmuu ラキドロ,5.0-1,4,5,0.933,0.733,0.346,121,302,
ウォニョン,withmuu ラキドロ,5.0-2,4,4,0.981,0.691,0.815,184,302,差し替え
ウォニョン,Soundwave ラキドロ,2.0,4,6,0.959,0.57,0.671,184,302,差し替え
ウォニョン,Soundwave ラキドロ,2.0 POLA,4,7,0.707,0.601,-0.027,124,302,
ウォニョン,MusicArt ラキドロ,2.0,4,8,0.957,0.723,0.73,184,302,差し替え
ウォニョン,MusicArt ラキドロ,2.0 POLA,4,9,0.822,0.502,0.162,183,302,
ウォニョン,オフラインイベント,4.11 TOKYO,4,10,0.679,0.465,-0.434,121,302,
ウォニョン,オフラインイベント,4.12 OSAKA,5,0,0.787,0.402,0.431,382,302,
ウォニョン,KMStation,1.0,5,8,0.954,0.509,0.852,147,302,差し替え
ウォニョン,SWIA OSAKA exclusive,4.18,5,3,0.969,0.643,0.731,147,302,差し替え
ウォニョン,SWIA OSAKA exclusive,4.19,5,4,0.745,0.499,0.231,386,302,
ウォニョン,オフラインイベント,4.29 TOKYO,5,5,0.887,0.696,0.242,147,302,
ウォニョン,withmuu ラキドロ,6.0,5,1,0.777,0.51,-0.383,120,302,
ウォニョン,withmuu ラキドロ,6.0 POLA,5,2,0.903,0.403,0.407,117,302,差し替え
ウォニョン,withmuu,7.0,5,6,0.588,0.571,0.447,120,302,
ウォニョン,KMStation,2.0,5,9,0.833,0.571,-0.089,146,302,
ウォニョン,Makestar,3.0,1,5,0.752,0.714,0.157,147,302,
ウォニョン,Ktown4U,2.0,6,0,0.725,0.631,0.079,145,302,
ウォニョン,京东,2.0,6,3,0.88,0.549,0.583,147,302,差し替え
ウォニョン,Music Korea,3.0,6,2,0.888,0.721,0.249,146,302,
ウォニョン,Ktown4U,3.0,6,4,0.879,0.588,0.412,146,302,差し替え
ウォニョン,withmuu,8.0,6,5,0.962,0.772,0.737,147,302,差し替え
ウォニョン,withmuu ラキドロ,9.0,6,6,0.777,0.416,0.156,184,302,
ウォニョン,withmuu ラキドロ,9.0 POLA,6,7,0.741,0.663,-0.13,114,302,
ウォニョン,withmuu,10.0,6,8,0.977,0.722,0.812,185,302,差し替え
ウォニョン,Ktown4U ラキドロ,4.0,6,9,0.853,0.663,0.05,144,302,
ウォニョン,Ktown4U ラキドロ,4.0 POLA,6,10,0.734,0.61,0.587,119,302,
ウォニョン,Soundwave ラキドロ,3.0,7,1,0.892,0.539,0.36,120,302,差し替え
ウォニョン,Soundwave ラキドロ,3.0 POLA,7,2,0.804,0.56,-0.521,106,302,
ウォニョン,Yetimall,1.0,6,8,0.798,0.778,0.103,184,302,
ウォニョン,Yetimall,2.0,4,5,0.673,0.57,-0.333,184,302,
ウォニョン,Makestar ラキドロ,4.0,7,5,0.695,0.593,0.265,120,302,
ウォニョン,Makestar ラキドロ,4.0 POLA,7,6,0.817,0.291,0.482,120,302,
ウォニョン,KMONSTAR,1.0,6,9,0.522,0.5,-0.194,184,302,
ウォニョン,NY Music ラキドロ,2.0,1,10,0.63,0.611,-0.481,184,302,
ウォニョン,NY Music ラキドロ,2.0 POLA,5,5,0.435,0.378,-0.582,156,302,
ウォニョン,HIT! MAGAZINE,,5,6,0.612,0.608,-0.328,533,302,
ウォニョン,KMStation,3.0,5,6,0.483,0.472,-0.24,324,302,
ウォニョン,KMStation,4.0,0,8,0.569,0.55,-0.194,275,302,
ウォニョン,本体封入,MINI MINI,0,6,0.988,0.319,0.781,184,302,差し替え
ウォニョン,QQ Music,Member set 2,3,2,1.0,0.65,0.995,302,302,
ウォニョン,QQ Music,2.0 ランダム 1,3,8,0.64,0.594,-0.515,185,302,
ウォニョン,QQ Music,2.0 ランダム 2,3,6,0.973,0.592,0.828,184,302,差し替え
ウォニョン,QQ Music,2.0 ランダム 3,3,7,0.621,0.324,0.078,184,302,
ウォニョン,QQ Music,2.0 ランダム 4,3,8,0.972,0.512,0.83,184,302,差し替え
ウォニョン,QQ Music,2.0 ランダム 5,3,9,0.481,0.388,-0.381,175,302,
ウォニョン,QQ Music,2.0 ランダム 6,3,10,0.529,0.321,-0.63,174,302,
ウォニョン,KMONSTAR,2.0,7,0,0.986,0.663,0.815,184,302,差し替え
ウォニョン,QQ Music,Membership,3,1,1.0,0.532,1.0,302,302,
リズ,本体封入,BANGERS,0,0,0.758,0.563,-0.215,136,302,
リズ,本体封入,CHALLENGERS,0,1,0.88,0.603,0.244,122,302,
リズ,本体封入,SPOILERS,0,2,0.826,0.458,0.394,120,302,
リズ,本体封入,LOVED IVE,0,3,0.787,0.498,-0.348,391,302,
リズ,本体封入,Digipack,0,4,0.659,0.488,-0.207,120,302,
リズ,本体封入,PETIT-IVE,0,7,0.945,0.658,0.034,121,302,
リズ,MD,,0,5,0.848,0.587,0.047,120,302,
リズ,Starship Square,3TYPE,1,0,0.971,0.707,0.737,184,302,差し替え
リズ,Starship Square,LOVED IVE,1,1,0.962,0.712,0.181,139,302,
リズ,Starship Square,Digipack,1,2,0.896,0.655,0.417,138,302,差し替え
リズ,京东,1.0,1,5,0.829,0.585,-0.297,120,302,
リズ,withmuu,1.0,1,4,0.879,0.439,0.142,147,302,
リズ,Apple Music,1.0,1,3,0.772,0.499,0.356,121,302,
リズ,Music Korea,1.0,1,7,0.84,0.787,0.082,147,302,
リズ,Kakao Talk,,0,9,0.743,0.742,0.262,120,302,
リズ,US Exclusive,,0,8,0.934,0.705,0.709,135,302,差し替え
リズ,Target,,0,9,0.937,0.743,0.714,184,302,差し替え
リズ,B&N,,0,10,0.799,0.585,0.411,120,302,
リズ,Ktown4U,1.0,1,8,0.739,0.685,0.255,185,302,
リズ,Tower Records,A,1,9,0.667,0.349,-0.435,386,302,
リズ,Tower Records,Shibuya,1,10,0.847,0.551,-0.157,147,302,
リズ,Sony Music,B,2,1,0.788,0.462,0.36,399,302,
リズ,A!SMART,C,2,2,0.907,0.65,0.398,146,302,差し替え
リズ,Soundwave,1.0,2,4,0.938,0.5,0.141,120,302,
リズ,Makestar,1.0,2,0,0.89,0.616,0.564,121,302,差し替え
リズ,MusicArt,1.0,0,4,0.569,0.412,-0.597,121,302,
リズ,ARTBOX,,2,3,0.831,0.471,0.177,120,302,
リズ,Broadcast,BANG BANG,0,4,0.586,0.556,-0.486,120,302,
リズ,withmuu,2.0 Killing Voice,2,6,0.879,0.641,0.595,147,302,差し替え
リズ,withmuu ラキドロ,3.0,2,8,0.948,0.69,0.73,185,302,差し替え
リズ,withmuu ラキドロ,3.0 POLA,4,9,0.663,0.517,-0.305,120,302,
リズ,OLIVE YOUNG ラキドロ,,2,5,0.829,0.562,0.263,121,302,
リズ,Music Korea,2.0,2,10,0.957,0.755,0.449,147,302,差し替え
リズ,HOTTRACKS,,2,7,0.845,0.471,0.178,122,302,
リズ,Showcase,,8,1,0.878,0.525,0.424,120,302,差し替え
リズ,Makestar,2.0,3,0,0.987,0.716,0.901,185,302,差し替え
リズ,Apple Music,2.0,3,3,0.82,0.688,0.07,184,302,
リズ,Broadcast,BLACK HOLE,8,0,0.904,0.575,0.356,120,302,差し替え
リズ,withmuu,4.0,4,3,0.867,0.337,-0.283,120,302,
リズ,NY Music,1.0,3,4,0.698,0.605,-0.5,147,302,
リズ,QQ音乐 ラキドロ,,4,0,0.742,0.471,0.196,184,302,
リズ,Beatroad,1.0,4,1,0.786,0.592,0.277,120,302,
リズ,Apple Music,3.0,4,2,0.699,0.428,0.09,121,302,
リズ,withmuu ラキドロ,5.0-1,4,5,0.916,0.417,0.44,121,302,差し替え
リズ,withmuu ラキドロ,5.0-2,4,4,0.899,0.647,0.359,120,302,差し替え
リズ,Soundwave ラキドロ,2.0,4,6,0.97,0.531,0.84,184,302,差し替え
リズ,Soundwave ラキドロ,2.0 POLA,4,7,0.478,0.346,-0.409,102,302,
リズ,MusicArt ラキドロ,2.0,4,8,0.945,0.497,0.762,146,302,差し替え
リズ,MusicArt ラキドロ,2.0 POLA,4,9,0.681,0.576,-0.423,103,302,
リズ,オフラインイベント,4.11 TOKYO,4,10,0.758,0.567,-0.253,146,302,
リズ,オフラインイベント,4.12 OSAKA,5,0,0.815,0.676,-0.175,147,302,
リズ,KMStation,1.0,5,8,0.859,0.476,0.505,120,302,差し替え
リズ,SWIA OSAKA exclusive,4.18,5,3,0.955,0.58,0.682,184,302,差し替え
リズ,SWIA OSAKA exclusive,4.19,5,4,0.902,0.734,0.56,147,302,差し替え
リズ,オフラインイベント,4.29 TOKYO,5,5,0.677,0.468,-0.152,120,302,
リズ,withmuu ラキドロ,6.0,5,1,0.842,0.603,-0.001,147,302,
リズ,withmuu ラキドロ,6.0 POLA,5,2,0.802,0.454,0.075,117,302,
リズ,withmuu,7.0,5,6,0.788,0.598,0.206,147,302,
リズ,KMStation,2.0,5,4,0.639,0.605,0.065,185,302,
リズ,Makestar,3.0,5,7,0.979,0.705,0.345,147,302,
リズ,Ktown4U,2.0,6,0,0.898,0.598,0.616,148,302,差し替え
リズ,京东,2.0,5,7,0.72,0.658,-0.299,147,302,
リズ,Music Korea,3.0,6,2,0.838,0.607,0.319,146,302,
リズ,Ktown4U,3.0,6,4,0.723,0.357,0.435,120,302,
リズ,withmuu,8.0,6,5,0.974,0.699,0.811,185,302,差し替え
リズ,withmuu ラキドロ,9.0,6,6,0.806,0.443,0.214,119,302,
リズ,withmuu ラキドロ,9.0 POLA,6,7,0.924,0.545,0.667,116,302,差し替え
リズ,withmuu,10.0,6,8,0.907,0.693,0.448,184,302,差し替え
リズ,Ktown4U ラキドロ,4.0,6,9,0.9,0.589,0.518,167,302,差し替え
リズ,Ktown4U ラキドロ,4.0 POLA,6,10,0.904,0.501,0.687,119,302,差し替え
リズ,Soundwave ラキドロ,3.0,7,1,0.857,0.449,0.427,119,302,差し替え
リズ,Soundwave ラキドロ,3.0 POLA,7,2,0.704,0.389,0.102,119,302,
リズ,Yetimall,1.0,5,9,0.578,0.519,-0.539,184,302,
リズ,Yetimall,2.0,5,4,0.73,0.697,-0.205,185,302,
リズ,Makestar ラキドロ,4.0,7,5,0.928,0.451,0.395,120,302,差し替え
リズ,Makestar ラキドロ,4.0 POLA,7,6,0.858,0.456,0.168,120,302,
リズ,KMONSTAR,1.0,2,3,0.51,0.495,-0.359,184,302,
リズ,NY Music ラキドロ,2.0,7,5,0.584,0.579,-0.352,184,302,
リズ,NY Music ラキドロ,2.0 POLA,2,1,0.393,0.327,-0.036,102,302,
リズ,HIT! MAGAZINE,,0,3,0.564,0.538,-0.201,533,302,
リズ,KMStation,3.0,7,5,0.568,0.535,-0.237,293,302,
リズ,KMStation,4.0,0,4,0.524,0.375,0.073,290,302,
リズ,本体封入,MINI MINI,0,6,0.669,0.383,0.234,184,302,
リズ,QQ Music,Membership,3,1,1.0,0.566,1.0,302,302,
リズ,QQ Music,Member set 2,3,2,1.0,0.736,0.999,302,302,
リズ,QQ Music,2.0 ランダム 1,3,5,0.728,0.606,0.151,185,302,
リズ,QQ Music,2.0 ランダム 2,3,6,0.989,0.539,0.607,175,302,差し替え
リズ,QQ Music,2.0 ランダム 3,3,7,0.924,0.483,0.613,184,302,差し替え
リズ,QQ Music,2.0 ランダム 4,3,8,0.923,0.663,0.736,174,302,差し替え
リズ,QQ Music,2.0 ランダム 5,3,9,0.951,0.382,0.7,184,302,差し替え
リズ,QQ Music,2.0 ランダム 6,3,10,0.737,0.21,-0.353,185,302,
リズ,KMONSTAR,2.0,7,0,0.973,0.628,0.672,184,302,差し替え
イソ,本体封入,BANGERS,0,0,0.653,0.523,-0.028,120,302,
イソ,本体封入,CHALLENGERS,0,1,0.879,0.65,0.305,120,302,
イソ,本体封入,SPOILERS,0,2,0.972,0.636,0.403,135,302,差し替え
イソ,本体封入,LOVED IVE,0,3,0.759,0.583,0.034,395,302,
イソ,本体封入,Digipack,1,3,0.79,0.785,-0.316,122,302,
イソ,本体封入,PETIT-IVE,0,7,0.875,0.608,0.348,120,302,
イソ,MD,,0,5,0.831,0.573,0.204,122,302,
イソ,Starship Square,3TYPE,1,0,0.988,0.571,0.739,184,302,差し替え
イソ,Starship Square,LOVED IVE,1,1,0.927,0.607,-0.081,120,302,
イソ,Starship Square,Digipack,1,2,0.981,0.651,0.848,185,302,差し替え
イソ,京东,1.0,1,5,0.649,0.605,-0.418,146,302,
イソ,withmuu,1.0,1,4,0.953,0.847,0.25,147,302,
イソ,Apple Music,1.0,1,3,0.863,0.641,0.507,122,302,差し替え
イソ,Music Korea,1.0,1,7,0.702,0.615,-0.127,120,302,
イソ,Kakao Talk,,1,6,0.728,0.503,0.269,120,302,
イソ,US Exclusive,,0,8,0.799,0.744,-0.38,120,302,
イソ,Target,,0,9,0.947,0.732,0.702,184,302,差し替え
イソ,B&N,,0,10,0.931,0.492,0.699,184,302,差し替え
イソ,Ktown4U,1.0,1,8,0.92,0.674,0.572,185,302,差し替え
イソ,Tower Records,A,0,5,0.702,0.7,-0.349,120,302,
イソ,Tower Records,Shibuya,1,10,0.543,0.461,-0.363,121,302,
イソ,Sony Music,B,2,1,0.855,0.45,0.446,399,302,
イソ,A!SMART,C,2,2,0.701,0.464,-0.23,122,302,
イソ,Soundwave,1.0,2,4,0.917,0.727,0.5,184,302,差し替え
イソ,Makestar,1.0,2,0,0.933,0.694,0.733,147,302,差し替え
イソ,MusicArt,1.0,6,4,0.417,0.414,-0.353,121,302,
イソ,ARTBOX,,2,3,0.631,0.236,0.238,120,302,
イソ,Broadcast,BANG BANG,4,1,0.646,0.646,-0.521,120,302,
イソ,withmuu,2.0 Killing Voice,2,6,0.902,0.598,0.379,147,302,差し替え
イソ,withmuu ラキドロ,3.0,2,8,0.926,0.896,0.356,121,302,
イソ,withmuu ラキドロ,3.0 POLA,2,9,0.409,0.389,0.045,121,302,
イソ,OLIVE YOUNG ラキドロ,,2,5,0.863,0.636,0.135,184,302,
イソ,Music Korea,2.0,3,1,0.796,0.788,-0.346,121,302,
イソ,HOTTRACKS,,2,7,0.871,0.344,0.624,143,302,差し替え
イソ,Showcase,,8,1,0.846,0.302,0.084,120,302,
イソ,Makestar,2.0,3,0,0.963,0.516,0.77,185,302,差し替え
イソ,Apple Music,2.0,3,3,0.562,0.506,0.175,121,302,
イソ,Broadcast,BLACK HOLE,8,0,0.971,0.677,0.672,185,302,差し替え
イソ,withmuu,4.0,4,3,0.907,0.51,0.532,184,302,差し替え
イソ,NY Music,1.0,3,4,0.847,0.757,0.63,120,302,
イソ,QQ音乐 ラキドロ,,4,0,0.871,0.443,0.106,147,302,
イソ,Beatroad,1.0,0,1,0.712,0.704,0.085,146,302,
イソ,Apple Music,3.0,4,2,0.811,0.6,0.497,121,302,
イソ,withmuu ラキドロ,5.0-1,4,5,0.97,0.623,0.68,146,302,差し替え
イソ,withmuu ラキドロ,5.0-2,4,4,0.662,0.577,-0.314,121,302,
イソ,Soundwave ラキドロ,2.0,4,6,0.817,0.629,0.365,170,302,
イソ,Soundwave ラキドロ,2.0 POLA,4,7,0.763,0.597,0.077,124,302,
イソ,MusicArt ラキドロ,2.0,4,8,0.945,0.532,0.473,146,302,差し替え
イソ,MusicArt ラキドロ,2.0 POLA,4,9,0.637,0.462,0.4,172,302,
イソ,オフラインイベント,4.11 TOKYO,4,10,0.817,0.673,0.127,146,302,
イソ,オフラインイベント,4.12 OSAKA,2,5,0.688,0.688,-0.442,147,302,
イソ,KMStation,1.0,5,8,0.891,0.506,0.34,120,302,
イソ,SWIA OSAKA exclusive,4.18,5,3,0.806,0.467,0.267,120,302,
イソ,SWIA OSAKA exclusive,4.19,5,4,0.732,0.603,-0.12,386,302,
イソ,オフラインイベント,4.29 TOKYO,5,5,0.961,0.537,0.706,147,302,差し替え
イソ,withmuu ラキドロ,6.0,5,1,0.821,0.48,0.207,121,302,
イソ,withmuu ラキドロ,6.0 POLA,5,2,0.797,0.519,0.032,117,302,
イソ,withmuu,7.0,5,6,0.931,0.561,0.707,146,302,差し替え
イソ,KMStation,2.0,5,9,0.862,0.611,0.381,120,302,差し替え
イソ,Makestar,3.0,4,5,0.716,0.682,0.077,120,302,
イソ,Ktown4U,2.0,6,0,0.618,0.469,-0.268,121,302,
イソ,京东,2.0,6,3,0.611,0.579,0.233,147,302,
イソ,Music Korea,3.0,6,2,0.65,0.57,-0.11,120,302,
イソ,Ktown4U,3.0,6,4,0.72,0.648,0.443,120,302,
イソ,withmuu,8.0,6,5,0.977,0.42,0.907,184,302,差し替え
イソ,withmuu ラキドロ,9.0,6,6,0.701,0.584,0.08,120,302,
イソ,withmuu ラキドロ,9.0 POLA,6,7,0.706,0.584,-0.004,119,302,
イソ,withmuu,10.0,6,8,0.941,0.534,0.525,146,302,差し替え
イソ,Ktown4U ラキドロ,4.0,6,9,0.758,0.507,-0.036,147,302,
イソ,Ktown4U ラキドロ,4.0 POLA,6,10,0.945,0.583,0.744,184,302,差し替え
イソ,Soundwave ラキドロ,3.0,7,1,0.723,0.6,0.034,120,302,
イソ,Soundwave ラキドロ,3.0 POLA,7,2,0.94,0.63,0.693,119,302,差し替え
イソ,Yetimall,1.0,5,9,0.636,0.621,0.019,184,302,
イソ,Yetimall,2.0,6,6,0.417,0.409,-0.401,119,302,
イソ,Makestar ラキドロ,4.0,7,5,0.797,0.503,0.009,120,302,
イソ,Makestar ラキドロ,4.0 POLA,7,6,0.605,0.483,-0.193,117,302,
イソ,KMONSTAR,1.0,0,8,0.542,0.527,-0.567,119,302,
イソ,NY Music ラキドロ,2.0,0,7,0.666,0.604,-0.359,184,302,
イソ,NY Music ラキドロ,2.0 POLA,0,9,0.55,0.547,-0.474,155,302,
イソ,HIT! MAGAZINE,,1,10,0.708,0.544,0.163,533,302,
イソ,KMStation,3.0,0,7,0.481,0.478,-0.375,310,302,
イソ,KMStation,4.0,4,7,0.499,0.491,-0.367,280,302,
イソ,本体封入,MINI MINI,0,6,0.785,0.475,0.713,184,302,
イソ,QQ Music,Member set 2,3,2,1.0,0.491,0.999,302,302,
イソ,QQ Music,2.0 ランダム 1,3,5,0.631,0.486,-0.275,184,302,
イソ,QQ Music,2.0 ランダム 2,3,6,0.959,0.518,0.722,185,302,差し替え
イソ,QQ Music,2.0 ランダム 3,3,7,0.798,0.637,0.007,176,302,
イソ,QQ Music,2.0 ランダム 4,3,8,0.911,0.405,0.713,185,302,差し替え
イソ,QQ Music,2.0 ランダム 5,3,9,0.638,0.594,-0.05,185,302,
イソ,QQ Music,2.0 ランダム 6,3,10,0.981,0.435,0.648,183,302,差し替え
イソ,KMONSTAR,2.0,7,0,0.988,0.493,0.83,184,302,差し替え
イソ,QQ Music,Membership,3,1,1.0,0.825,0.996,302,302,
