collection,members,source,version,old_file,best,second,old_w,new_w,sharp,sheet,result
IVE SWITCH,ガウル,本体封入,ON,switch/0000.jpg,0.998,0.66,225,329,1363,SWITCH GAEUL.png,差し替え
IVE SWITCH,ガウル,本体封入,OFF,switch/0001.jpg,0.996,0.664,224,329,1912,SWITCH GAEUL.png,差し替え
IVE SWITCH,ガウル,本体封入,SPIN-OFF,switch/0002.jpg,1.0,0.746,224,329,726,SWITCH GAEUL.png,差し替え
IVE SWITCH,ガウル,本体封入,LOVED IVE,switch/0003.jpg,0.999,0.836,224,329,2226,SWITCH GAEUL.png,差し替え
IVE SWITCH,ガウル,本体封入,Digipack,switch/0004.jpg,0.999,0.659,217,318,1044,SWITCH GAEUL.png,差し替え
IVE SWITCH,ガウル,本体封入,PLVE,switch/0005.jpg,0.998,0.628,225,329,1172,SWITCH GAEUL.png,差し替え
IVE SWITCH,ガウル,本体封入,Lenticular,switch/0006.jpg,0.999,0.529,224,329,2751,SWITCH GAEUL.png,差し替え
IVE SWITCH,ガウル,Starship Square,1,switch/0007.jpg,0.994,0.455,225,329,836,SWITCH GAEUL.png,差し替え
IVE SWITCH,ガウル,Starship Square,2,switch/0008.jpg,0.997,0.417,224,329,548,SWITCH GAEUL.png,差し替え
IVE SWITCH,ガウル,Starship Square,LOVED IVE,switch/0009.jpg,0.987,0.734,224,329,1319,SWITCH GAEUL.png,差し替え
IVE SWITCH,ガウル,Starship Square,Digipack,switch/0010.jpg,0.989,0.645,221,325,849,SWITCH GAEUL.png,差し替え
IVE SWITCH,ガウル,Starship Square,Set 1,switch/0011.jpg,0.995,0.689,225,329,1611,SWITCH GAEUL.png,差し替え
IVE SWITCH,ガウル,Starship Square,Set 2,switch/0012.jpg,0.99,0.539,224,329,831,SWITCH GAEUL.png,差し替え
IVE SWITCH,ガウル,Starship Square,Set 3,switch/0013.jpg,0.997,0.584,224,329,783,SWITCH GAEUL.png,差し替え
IVE SWITCH,ガウル,A!SMART,,switch/0014.jpg,0.998,0.753,224,329,1300,SWITCH GAEUL.png,差し替え
IVE SWITCH,ガウル,Apple Music,,switch/0015.jpg,0.989,0.414,224,329,1301,SWITCH GAEUL.png,差し替え
IVE SWITCH,ガウル,KakaoTalk,,switch/0016.jpg,0.995,0.604,225,329,1266,SWITCH GAEUL.png,差し替え
IVE SWITCH,ガウル,Makestar,,switch/0017.jpg,0.985,0.58,227,329,881,SWITCH GAEUL.png,差し替え
IVE SWITCH,ガウル,Music Korea,,switch/0018.jpg,0.963,0.479,224,329,950,SWITCH GAEUL.png,差し替え
IVE SWITCH,ガウル,mymusictaste,,switch/0019.jpg,0.989,0.838,224,329,1865,SWITCH GAEUL.png,差し替え
IVE SWITCH,ガウル,Sony Music,,switch/0020.jpg,0.981,0.475,227,333,2855,SWITCH GAEUL.png,差し替え
IVE SWITCH,ガウル,Soundwave,,switch/0021.jpg,0.99,0.61,225,329,932,SWITCH GAEUL.png,差し替え
IVE SWITCH,ガウル,StarRiver,,switch/0022.jpg,0.998,0.708,224,329,911,SWITCH GAEUL.png,差し替え
IVE SWITCH,ガウル,Tower Records,,switch/0023.jpg,0.997,0.571,224,329,1349,SWITCH GAEUL.png,差し替え
IVE SWITCH,ガウル,withmuu,,switch/0024.jpg,0.871,0.663,209,303,1150,SWITCH GAEUL.png,差し替え
IVE SWITCH,ガウル,Soundwave ラキドロ,1.0-1,switch/0025.jpg,0.997,0.645,224,329,1122,SWITCH GAEUL.png,差し替え
IVE SWITCH,ガウル,Soundwave ラキドロ,1.0-2,switch/0026.jpg,0.996,0.526,227,329,1353,SWITCH GAEUL.png,差し替え
IVE SWITCH,ガウル,Soundwave ラキドロ,2.0-1,switch/0027.jpg,0.983,0.621,227,329,2458,SWITCH GAEUL.png,差し替え
IVE SWITCH,ガウル,Soundwave ラキドロ,2.0-2,switch/0028.jpg,0.999,0.576,224,329,3135,SWITCH GAEUL.png,差し替え
IVE SWITCH,ガウル,Soundwave ラキドロ,4.0-1,switch/0029.jpg,1.0,0.729,224,329,795,SWITCH GAEUL.png,差し替え
IVE SWITCH,ガウル,Soundwave ラキドロ,4.0-2,switch/0030.jpg,1.0,0.602,224,329,1381,SWITCH GAEUL.png,差し替え
IVE SWITCH,ガウル,Soundwave ラキドロ,5.0-1,switch/0031.jpg,0.997,0.56,224,329,706,SWITCH GAEUL.png,差し替え
IVE SWITCH,ガウル,Soundwave ラキドロ,5.0-2,switch/0032.jpg,0.997,0.517,224,329,685,SWITCH GAEUL.png,差し替え
IVE SWITCH,ガウル,Music Korea ラキドロ,1,switch/0033.jpg,0.997,0.666,224,329,1575,SWITCH GAEUL.png,差し替え
IVE SWITCH,ガウル,Music Korea ラキドロ,2,switch/0034.jpg,0.996,0.415,227,329,1509,SWITCH GAEUL.png,差し替え
IVE SWITCH,ガウル,Makestar ラキドロ,1,switch/0035.jpg,0.997,0.727,227,333,1203,SWITCH GAEUL.png,差し替え
IVE SWITCH,ガウル,Makestar ラキドロ,2,switch/0036.jpg,0.996,0.44,224,329,1234,SWITCH GAEUL.png,差し替え
IVE SWITCH,ガウル,withmuu ラキドロ,1.0-1,switch/0037.jpg,0.999,0.795,224,329,1245,SWITCH GAEUL.png,差し替え
IVE SWITCH,ガウル,withmuu ラキドロ,1.0-2,switch/0038.jpg,0.998,0.791,224,329,1045,SWITCH GAEUL.png,差し替え
IVE SWITCH,ガウル,withmuu ラキドロ,2.0-1,switch/0039.jpg,0.998,0.642,226,329,748,SWITCH GAEUL.png,差し替え
IVE SWITCH,ガウル,withmuu ラキドロ,2.0-2,switch/0040.jpg,0.998,0.513,224,329,997,SWITCH GAEUL.png,差し替え
IVE SWITCH,ガウル,withmuu ラキドロ,3.0-1,switch/0041.jpg,0.998,0.808,227,329,1367,SWITCH GAEUL.png,差し替え
IVE SWITCH,ガウル,withmuu ラキドロ,3.0-2,switch/0042.jpg,0.998,0.827,225,329,1677,SWITCH GAEUL.png,差し替え
IVE SWITCH,ガウル,Apple Music ファンサイン,1.0,switch/0043.jpg,0.995,0.764,224,329,629,SWITCH GAEUL.png,差し替え
IVE SWITCH,ガウル,Apple Music ファンサイン,2.0,switch/0044.jpg,0.999,0.733,224,329,1419,SWITCH GAEUL.png,差し替え
IVE SWITCH,ガウル,Apple Music ファンサイン,3.0,switch/0045.jpg,0.998,0.721,225,329,826,SWITCH GAEUL.png,差し替え
IVE SWITCH,ガウル,Soundwave ファンサイン,1.0,switch/0046.jpg,0.999,0.69,224,329,1070,SWITCH GAEUL.png,差し替え
IVE SWITCH,ガウル,Soundwave ファンサイン,2.0,switch/0047.jpg,0.998,0.725,224,329,1676,SWITCH GAEUL.png,差し替え
IVE SWITCH,ガウル,Soundwave ファンサイン,Hong Kong,switch/0048.jpg,0.999,0.698,224,329,839,SWITCH GAEUL.png,差し替え
IVE SWITCH,ガウル,Soundwave ファンサイン,Manila,switch/0049.jpg,0.999,0.697,227,329,1327,SWITCH GAEUL.png,差し替え
IVE SWITCH,ガウル,Soundwave ファンサイン,Jakarta,switch/0050.jpg,0.998,0.551,224,329,489,SWITCH GAEUL.png,差し替え
IVE SWITCH,ガウル,mymusictaste ファンサイン,,switch/0051.jpg,0.999,0.651,224,329,767,SWITCH GAEUL.png,差し替え
IVE SWITCH,ガウル,Tower Records ファンサイン,,switch/0052.jpg,0.998,0.585,224,329,658,SWITCH GAEUL.png,差し替え
IVE SWITCH,ガウル,Makestar ファンサイン,1.0,switch/0053.jpg,0.998,0.313,224,329,2010,SWITCH GAEUL.png,差し替え
IVE SWITCH,ガウル,Makestar ファンサイン,2.0,switch/0054.jpg,0.981,0.364,224,329,1241,SWITCH GAEUL.png,差し替え
IVE SWITCH,ガウル,withmuu ファンサイン,1.0,switch/0055.jpg,0.994,0.684,227,329,1274,SWITCH GAEUL.png,差し替え
IVE SWITCH,ガウル,withmuu ファンサイン,2.0,switch/0056.jpg,0.996,0.579,225,329,786,SWITCH GAEUL.png,差し替え
IVE SWITCH,ガウル,Yizhiyu ファンサイン,1.0,switch/0057.jpg,0.994,0.742,225,329,715,SWITCH GAEUL.png,差し替え
IVE SWITCH,ガウル,Yizhiyu ファンサイン,2.0,switch/0058.jpg,0.998,0.671,224,329,1257,SWITCH GAEUL.png,差し替え
IVE SWITCH,ガウル,Yizhiyu ファンサイン,3.0,switch/0059.jpg,0.996,0.347,224,329,878,SWITCH GAEUL.png,差し替え
IVE SWITCH,ガウル,Yizhiyu ファンサイン,4.0,switch/0060.jpg,1.0,0.506,225,329,882,SWITCH GAEUL.png,差し替え
IVE SWITCH,ガウル,StarRiver ファンサイン,1.0,switch/0061.jpg,0.999,0.504,224,329,1010,SWITCH GAEUL.png,差し替え
IVE SWITCH,ガウル,StarRiver ファンサイン,2.0,switch/0062.jpg,0.999,0.45,224,329,485,SWITCH GAEUL.png,差し替え
IVE SWITCH,ガウル,Japan ファンサイン,Tokyo,switch/0063.jpg,0.998,0.692,224,329,1026,SWITCH GAEUL.png,差し替え
IVE SWITCH,ガウル,Japan ファンサイン,Osaka,switch/0064.jpg,0.998,0.653,225,329,522,SWITCH GAEUL.png,差し替え
IVE SWITCH,ガウル,LINE FRIENDS トレカ,1,switch/0065.jpg,0.998,0.693,227,333,1969,SWITCH GAEUL.png,差し替え
IVE SWITCH,ガウル,LINE FRIENDS トレカ,2,switch/0066.jpg,1.0,0.442,224,329,946,SWITCH GAEUL.png,差し替え
IVE SWITCH,ガウル,LINE FRIENDS 特典,1,switch/0067.jpg,0.992,0.681,225,329,1442,SWITCH GAEUL.png,差し替え
IVE SWITCH,ガウル,LINE FRIENDS 特典,2,switch/0068.jpg,0.994,0.506,227,332,1258,SWITCH GAEUL.png,差し替え
IVE SWITCH,ガウル,OSAKA イベント,,switch/0069.jpg,0.992,0.655,224,329,930,SWITCH GAEUL.png,差し替え
IVE SWITCH,ガウル,Broadcast,1週目,switch/0070.jpg,0.992,0.62,224,329,846,SWITCH GAEUL.png,差し替え
IVE SWITCH,ガウル,Broadcast,2週目,switch/0071.jpg,0.988,0.432,224,329,1151,SWITCH GAEUL.png,差し替え
IVE SWITCH,イソ,本体封入,ON,switch/0360.jpg,0.998,0.691,225,329,1702,SWITCH LEESEO.png,差し替え
IVE SWITCH,イソ,本体封入,OFF,switch/0361.jpg,0.997,0.636,224,329,955,SWITCH LEESEO.png,差し替え
IVE SWITCH,イソ,本体封入,SPIN-OFF,switch/0362.jpg,1.0,0.629,224,329,2015,SWITCH LEESEO.png,差し替え
IVE SWITCH,イソ,本体封入,LOVED IVE,switch/0363.jpg,1.0,0.494,224,329,1339,SWITCH LEESEO.png,差し替え
IVE SWITCH,イソ,本体封入,Digipack,switch/0364.jpg,0.998,0.623,225,329,1040,SWITCH LEESEO.png,差し替え
IVE SWITCH,イソ,本体封入,PLVE,switch/0365.jpg,0.998,0.639,225,329,819,SWITCH LEESEO.png,差し替え
IVE SWITCH,イソ,本体封入,Lenticular,switch/0366.jpg,1.0,0.393,224,329,2354,SWITCH LEESEO.png,差し替え
IVE SWITCH,イソ,Starship Square,1,switch/0367.jpg,0.999,0.39,225,329,1031,SWITCH LEESEO.png,差し替え
IVE SWITCH,イソ,Starship Square,2,switch/0368.jpg,0.999,0.446,224,329,709,SWITCH LEESEO.png,差し替え
IVE SWITCH,イソ,Starship Square,LOVED IVE,switch/0369.jpg,0.992,0.57,224,329,1350,SWITCH LEESEO.png,差し替え
IVE SWITCH,イソ,Starship Square,Digipack,switch/0370.jpg,0.991,0.668,224,329,853,SWITCH LEESEO.png,差し替え
IVE SWITCH,イソ,Starship Square,Set 1,switch/0371.jpg,0.996,0.684,214,314,1052,SWITCH LEESEO.png,差し替え
IVE SWITCH,イソ,Starship Square,Set 2,switch/0372.jpg,0.993,0.764,224,329,548,SWITCH LEESEO.png,差し替え
IVE SWITCH,イソ,Starship Square,Set 3,switch/0373.jpg,0.999,0.726,224,329,624,SWITCH LEESEO.png,差し替え
IVE SWITCH,イソ,A!SMART,,switch/0374.jpg,0.986,0.634,224,329,579,SWITCH LEESEO.png,差し替え
IVE SWITCH,イソ,Apple Music,,switch/0375.jpg,0.995,0.77,224,329,890,SWITCH LEESEO.png,差し替え
IVE SWITCH,イソ,KakaoTalk,,switch/0376.jpg,0.998,0.759,225,329,962,SWITCH LEESEO.png,差し替え
IVE SWITCH,イソ,Makestar,,switch/0377.jpg,0.99,0.614,227,329,917,SWITCH LEESEO.png,差し替え
IVE SWITCH,イソ,Music Korea,,switch/0378.jpg,0.977,0.405,224,329,1081,SWITCH LEESEO.png,差し替え
IVE SWITCH,イソ,mymusictaste,,switch/0379.jpg,0.997,0.633,224,329,896,SWITCH LEESEO.png,差し替え
IVE SWITCH,イソ,Sony Music,,switch/0380.jpg,0.991,0.587,227,333,1454,SWITCH LEESEO.png,差し替え
IVE SWITCH,イソ,Soundwave,,switch/0381.jpg,0.997,0.752,225,329,690,SWITCH LEESEO.png,差し替え
IVE SWITCH,イソ,StarRiver,,switch/0382.jpg,0.997,0.699,224,329,507,SWITCH LEESEO.png,差し替え
IVE SWITCH,イソ,Tower Records,,switch/0383.jpg,0.998,0.659,224,329,961,SWITCH LEESEO.png,差し替え
IVE SWITCH,イソ,withmuu,,switch/0384.jpg,0.997,0.58,224,329,1071,SWITCH LEESEO.png,差し替え
IVE SWITCH,イソ,Soundwave ラキドロ,1.0-1,switch/0385.jpg,0.997,0.601,224,329,1257,SWITCH LEESEO.png,差し替え
IVE SWITCH,イソ,Soundwave ラキドロ,1.0-2,switch/0386.jpg,0.995,0.384,225,329,953,SWITCH LEESEO.png,差し替え
IVE SWITCH,イソ,Soundwave ラキドロ,2.0-1,switch/0387.jpg,0.993,0.557,227,329,1257,SWITCH LEESEO.png,差し替え
IVE SWITCH,イソ,Soundwave ラキドロ,2.0-2,switch/0388.jpg,1.0,0.445,224,329,1085,SWITCH LEESEO.png,差し替え
IVE SWITCH,イソ,Soundwave ラキドロ,4.0-1,switch/0389.jpg,0.999,0.68,224,329,761,SWITCH LEESEO.png,差し替え
IVE SWITCH,イソ,Soundwave ラキドロ,4.0-2,switch/0390.jpg,1.0,0.633,224,329,721,SWITCH LEESEO.png,差し替え
IVE SWITCH,イソ,Soundwave ラキドロ,5.0-1,switch/0391.jpg,0.997,0.512,224,329,916,SWITCH LEESEO.png,差し替え
IVE SWITCH,イソ,Soundwave ラキドロ,5.0-2,switch/0392.jpg,0.993,0.503,224,329,839,SWITCH LEESEO.png,差し替え
IVE SWITCH,イソ,Music Korea ラキドロ,1,switch/0393.jpg,0.996,0.567,224,329,1342,SWITCH LEESEO.png,差し替え
IVE SWITCH,イソ,Music Korea ラキドロ,2,switch/0394.jpg,0.995,0.68,225,329,825,SWITCH LEESEO.png,差し替え
IVE SWITCH,イソ,Makestar ラキドロ,1,switch/0395.jpg,0.997,0.477,227,333,1794,SWITCH LEESEO.png,差し替え
IVE SWITCH,イソ,Makestar ラキドロ,2,switch/0396.jpg,0.995,0.385,224,329,960,SWITCH LEESEO.png,差し替え
IVE SWITCH,イソ,withmuu ラキドロ,1.0-1,switch/0397.jpg,0.999,0.689,224,329,1284,SWITCH LEESEO.png,差し替え
IVE SWITCH,イソ,withmuu ラキドロ,1.0-2,switch/0398.jpg,0.997,0.672,224,329,1016,SWITCH LEESEO.png,差し替え
IVE SWITCH,イソ,withmuu ラキドロ,2.0-1,switch/0399.jpg,0.999,0.519,224,329,1248,SWITCH LEESEO.png,差し替え
IVE SWITCH,イソ,withmuu ラキドロ,2.0-2,switch/0400.jpg,0.996,0.627,224,329,800,SWITCH LEESEO.png,差し替え
IVE SWITCH,イソ,withmuu ラキドロ,3.0-1,switch/0401.jpg,0.997,0.717,225,329,1085,SWITCH LEESEO.png,差し替え
IVE SWITCH,イソ,withmuu ラキドロ,3.0-2,switch/0402.jpg,0.992,0.726,227,329,776,SWITCH LEESEO.png,差し替え
IVE SWITCH,イソ,Apple Music ファンサイン,1.0,switch/0403.jpg,0.996,0.695,224,329,695,SWITCH LEESEO.png,差し替え
IVE SWITCH,イソ,Apple Music ファンサイン,2.0,switch/0404.jpg,0.998,0.492,224,329,1765,SWITCH LEESEO.png,差し替え
IVE SWITCH,イソ,Apple Music ファンサイン,3.0,switch/0405.jpg,0.996,0.296,225,329,967,SWITCH LEESEO.png,差し替え
IVE SWITCH,イソ,Soundwave ファンサイン,1.0,switch/0406.jpg,0.999,0.649,224,329,1208,SWITCH LEESEO.png,差し替え
IVE SWITCH,イソ,Soundwave ファンサイン,2.0,switch/0407.jpg,0.996,0.562,224,329,1205,SWITCH LEESEO.png,差し替え
IVE SWITCH,イソ,Soundwave ファンサイン,Hong Kong,switch/0408.jpg,0.996,0.684,224,329,1206,SWITCH LEESEO.png,差し替え
IVE SWITCH,イソ,Soundwave ファンサイン,Manila,switch/0409.jpg,0.997,0.583,225,329,737,SWITCH LEESEO.png,差し替え
IVE SWITCH,イソ,Soundwave ファンサイン,Jakarta,switch/0410.jpg,1.0,0.686,224,329,995,SWITCH LEESEO.png,差し替え
IVE SWITCH,イソ,mymusictaste ファンサイン,,switch/0411.jpg,0.999,0.595,224,329,1228,SWITCH LEESEO.png,差し替え
IVE SWITCH,イソ,Tower Records ファンサイン,,switch/0412.jpg,0.998,0.603,224,329,762,SWITCH LEESEO.png,差し替え
IVE SWITCH,イソ,Makestar ファンサイン,1.0,switch/0413.jpg,0.999,0.801,224,329,1171,SWITCH LEESEO.png,差し替え
IVE SWITCH,イソ,Makestar ファンサイン,2.0,switch/0414.jpg,0.996,0.515,226,329,801,SWITCH LEESEO.png,差し替え
IVE SWITCH,イソ,withmuu ファンサイン,1.0,switch/0415.jpg,0.992,0.523,227,329,1636,SWITCH LEESEO.png,差し替え
IVE SWITCH,イソ,withmuu ファンサイン,2.0,switch/0416.jpg,0.993,0.469,225,329,1123,SWITCH LEESEO.png,差し替え
IVE SWITCH,イソ,Yizhiyu ファンサイン,1.0,switch/0417.jpg,0.983,0.61,227,329,1382,SWITCH LEESEO.png,差し替え
IVE SWITCH,イソ,Yizhiyu ファンサイン,2.0,switch/0418.jpg,0.989,0.581,224,329,2112,SWITCH LEESEO.png,差し替え
IVE SWITCH,イソ,Yizhiyu ファンサイン,3.0,switch/0419.jpg,1.0,0.496,224,329,1436,SWITCH LEESEO.png,差し替え
IVE SWITCH,イソ,Yizhiyu ファンサイン,4.0,switch/0420.jpg,0.999,0.45,225,329,2535,SWITCH LEESEO.png,差し替え
IVE SWITCH,イソ,StarRiver ファンサイン,1.0,switch/0421.jpg,0.998,0.671,224,329,739,SWITCH LEESEO.png,差し替え
IVE SWITCH,イソ,StarRiver ファンサイン,2.0,switch/0422.jpg,0.999,0.683,224,329,542,SWITCH LEESEO.png,差し替え
IVE SWITCH,イソ,Japan ファンサイン,Tokyo,switch/0423.jpg,1.0,0.653,224,329,748,SWITCH LEESEO.png,差し替え
IVE SWITCH,イソ,Japan ファンサイン,Osaka,switch/0424.jpg,0.998,0.584,227,329,830,SWITCH LEESEO.png,差し替え
IVE SWITCH,イソ,LINE FRIENDS トレカ,1,switch/0425.jpg,0.998,0.714,224,329,1405,SWITCH LEESEO.png,差し替え
IVE SWITCH,イソ,LINE FRIENDS トレカ,2,switch/0426.jpg,1.0,0.486,224,329,983,SWITCH LEESEO.png,差し替え
IVE SWITCH,イソ,LINE FRIENDS 特典,1,switch/0427.jpg,0.991,0.518,225,329,1095,SWITCH LEESEO.png,差し替え
IVE SWITCH,イソ,LINE FRIENDS 特典,2,switch/0428.jpg,0.993,0.537,227,332,1354,SWITCH LEESEO.png,差し替え
IVE SWITCH,イソ,OSAKA イベント,,switch/0429.jpg,0.989,0.486,224,329,1001,SWITCH LEESEO.png,差し替え
IVE SWITCH,イソ,Broadcast,1週目,switch/0430.jpg,0.995,0.67,224,329,1166,SWITCH LEESEO.png,差し替え
IVE SWITCH,イソ,Broadcast,2週目,switch/0431.jpg,0.994,0.772,224,329,1356,SWITCH LEESEO.png,差し替え
IVE SWITCH,リズ,本体封入,ON,switch/0288.jpg,0.996,0.658,225,329,1244,SWITCH LIZ.png,差し替え
IVE SWITCH,リズ,本体封入,OFF,switch/0289.jpg,0.987,0.635,224,329,1390,SWITCH LIZ.png,差し替え
IVE SWITCH,リズ,本体封入,SPIN-OFF,switch/0290.jpg,0.997,0.555,224,329,695,SWITCH LIZ.png,差し替え
IVE SWITCH,リズ,本体封入,LOVED IVE,switch/0291.jpg,1.0,0.554,209,307,809,SWITCH LIZ.png,差し替え
IVE SWITCH,リズ,本体封入,Digipack,switch/0292.jpg,0.997,0.542,225,329,766,SWITCH LIZ.png,差し替え
IVE SWITCH,リズ,本体封入,PLVE,switch/0293.jpg,0.997,0.4,225,329,1141,SWITCH LIZ.png,差し替え
IVE SWITCH,リズ,本体封入,Lenticular,switch/0294.jpg,0.999,0.358,224,329,2559,SWITCH LIZ.png,差し替え
IVE SWITCH,リズ,Starship Square,1,switch/0295.jpg,0.998,0.351,225,329,479,SWITCH LIZ.png,差し替え
IVE SWITCH,リズ,Starship Square,2,switch/0296.jpg,0.998,0.229,224,329,340,SWITCH LIZ.png,
IVE SWITCH,リズ,Starship Square,LOVED IVE,switch/0297.jpg,0.979,0.546,224,329,654,SWITCH LIZ.png,差し替え
IVE SWITCH,リズ,Starship Square,Digipack,switch/0298.jpg,0.998,0.606,224,329,616,SWITCH LIZ.png,差し替え
IVE SWITCH,リズ,Starship Square,Set 1,switch/0299.jpg,0.994,0.614,225,329,1158,SWITCH LIZ.png,差し替え
IVE SWITCH,リズ,Starship Square,Set 2,switch/0300.jpg,0.99,0.535,224,329,593,SWITCH LIZ.png,差し替え
IVE SWITCH,リズ,Starship Square,Set 3,switch/0301.jpg,0.996,0.602,224,329,776,SWITCH LIZ.png,差し替え
IVE SWITCH,リズ,A!SMART,,switch/0302.jpg,0.989,0.528,224,329,525,SWITCH LIZ.png,差し替え
IVE SWITCH,リズ,Apple Music,,switch/0303.jpg,0.994,0.705,224,329,541,SWITCH LIZ.png,差し替え
IVE SWITCH,リズ,KakaoTalk,,switch/0304.jpg,0.997,0.342,225,329,1041,SWITCH LIZ.png,差し替え
IVE SWITCH,リズ,Makestar,,switch/0305.jpg,0.985,0.472,224,329,1093,SWITCH LIZ.png,差し替え
IVE SWITCH,リズ,Music Korea,,switch/0306.jpg,0.989,0.555,224,329,530,SWITCH LIZ.png,差し替え
IVE SWITCH,リズ,mymusictaste,,switch/0307.jpg,0.98,0.56,224,329,769,SWITCH LIZ.png,差し替え
IVE SWITCH,リズ,Sony Music,,switch/0308.jpg,0.994,0.749,227,333,1129,SWITCH LIZ.png,差し替え
IVE SWITCH,リズ,Soundwave,,switch/0309.jpg,0.997,0.506,225,329,780,SWITCH LIZ.png,差し替え
IVE SWITCH,リズ,StarRiver,,switch/0310.jpg,0.995,0.628,224,329,598,SWITCH LIZ.png,差し替え
IVE SWITCH,リズ,Tower Records,,switch/0311.jpg,0.998,0.723,224,329,492,SWITCH LIZ.png,差し替え
IVE SWITCH,リズ,withmuu,,switch/0312.jpg,0.996,0.64,224,329,722,SWITCH LIZ.png,差し替え
IVE SWITCH,リズ,Soundwave ラキドロ,1.0-1,switch/0313.jpg,0.995,0.619,224,329,710,SWITCH LIZ.png,差し替え
IVE SWITCH,リズ,Soundwave ラキドロ,1.0-2,switch/0314.jpg,0.994,0.501,227,329,1304,SWITCH LIZ.png,差し替え
IVE SWITCH,リズ,Soundwave ラキドロ,2.0-1,switch/0315.jpg,0.995,0.332,227,329,1306,SWITCH LIZ.png,差し替え
IVE SWITCH,リズ,Soundwave ラキドロ,2.0-2,switch/0316.jpg,0.999,0.242,224,329,1045,SWITCH LIZ.png,差し替え
IVE SWITCH,リズ,Soundwave ラキドロ,4.0-1,switch/0317.jpg,0.999,0.652,224,329,764,SWITCH LIZ.png,差し替え
IVE SWITCH,リズ,Soundwave ラキドロ,4.0-2,switch/0318.jpg,1.0,0.44,224,329,999,SWITCH LIZ.png,差し替え
IVE SWITCH,リズ,Soundwave ラキドロ,5.0-1,switch/0319.jpg,0.994,0.395,224,329,615,SWITCH LIZ.png,差し替え
IVE SWITCH,リズ,Soundwave ラキドロ,5.0-2,switch/0320.jpg,0.991,0.49,224,329,1047,SWITCH LIZ.png,差し替え
IVE SWITCH,リズ,Music Korea ラキドロ,1,switch/0321.jpg,0.995,0.477,224,329,666,SWITCH LIZ.png,差し替え
IVE SWITCH,リズ,Music Korea ラキドロ,2,switch/0322.jpg,0.992,0.588,225,329,1151,SWITCH LIZ.png,差し替え
IVE SWITCH,リズ,Makestar ラキドロ,1,switch/0323.jpg,0.995,0.405,227,333,1247,SWITCH LIZ.png,差し替え
IVE SWITCH,リズ,Makestar ラキドロ,2,switch/0324.jpg,0.979,0.486,224,329,695,SWITCH LIZ.png,差し替え
IVE SWITCH,リズ,withmuu ラキドロ,1.0-1,switch/0325.jpg,0.999,0.771,224,329,950,SWITCH LIZ.png,差し替え
IVE SWITCH,リズ,withmuu ラキドロ,1.0-2,switch/0326.jpg,0.998,0.764,224,329,1213,SWITCH LIZ.png,差し替え
IVE SWITCH,リズ,withmuu ラキドロ,2.0-1,switch/0327.jpg,0.983,0.344,224,329,768,SWITCH LIZ.png,差し替え
IVE SWITCH,リズ,withmuu ラキドロ,2.0-2,switch/0328.jpg,0.997,0.428,224,329,1232,SWITCH LIZ.png,差し替え
IVE SWITCH,リズ,withmuu ラキドロ,3.0-1,switch/0329.jpg,0.993,0.553,227,329,1621,SWITCH LIZ.png,差し替え
IVE SWITCH,リズ,withmuu ラキドロ,3.0-2,switch/0330.jpg,0.997,0.618,225,329,1257,SWITCH LIZ.png,差し替え
IVE SWITCH,リズ,Apple Music ファンサイン,1.0,switch/0331.jpg,0.995,0.508,224,329,625,SWITCH LIZ.png,差し替え
IVE SWITCH,リズ,Apple Music ファンサイン,2.0,switch/0332.jpg,0.997,0.426,224,329,1228,SWITCH LIZ.png,差し替え
IVE SWITCH,リズ,Apple Music ファンサイン,3.0,switch/0333.jpg,0.999,0.462,225,329,946,SWITCH LIZ.png,差し替え
IVE SWITCH,リズ,Soundwave ファンサイン,1.0,switch/0334.jpg,0.995,0.625,224,329,1422,SWITCH LIZ.png,差し替え
IVE SWITCH,リズ,Soundwave ファンサイン,2.0,switch/0335.jpg,0.997,0.665,224,329,1149,SWITCH LIZ.png,差し替え
IVE SWITCH,リズ,Soundwave ファンサイン,Hong Kong,switch/0336.jpg,0.998,0.669,224,329,917,SWITCH LIZ.png,差し替え
IVE SWITCH,リズ,Soundwave ファンサイン,Manila,switch/0337.jpg,0.998,0.588,225,329,747,SWITCH LIZ.png,差し替え
IVE SWITCH,リズ,Soundwave ファンサイン,Jakarta,switch/0338.jpg,0.996,0.59,224,329,1087,SWITCH LIZ.png,差し替え
IVE SWITCH,リズ,mymusictaste ファンサイン,,switch/0339.jpg,0.999,0.445,224,329,936,SWITCH LIZ.png,差し替え
IVE SWITCH,リズ,Tower Records ファンサイン,,switch/0340.jpg,0.989,0.627,224,329,1289,SWITCH LIZ.png,差し替え
IVE SWITCH,リズ,Makestar ファンサイン,1.0,switch/0341.jpg,0.999,0.763,224,329,1621,SWITCH LIZ.png,差し替え
IVE SWITCH,リズ,Makestar ファンサイン,2.0,switch/0342.jpg,0.996,0.341,226,329,573,SWITCH LIZ.png,差し替え
IVE SWITCH,リズ,withmuu ファンサイン,1.0,switch/0343.jpg,0.992,0.399,227,329,1267,SWITCH LIZ.png,差し替え
IVE SWITCH,リズ,withmuu ファンサイン,2.0,switch/0344.jpg,0.995,0.561,225,329,764,SWITCH LIZ.png,差し替え
IVE SWITCH,リズ,Yizhiyu ファンサイン,1.0,switch/0345.jpg,0.979,0.381,227,329,686,SWITCH LIZ.png,差し替え
IVE SWITCH,リズ,Yizhiyu ファンサイン,2.0,switch/0346.jpg,0.983,0.36,224,329,2017,SWITCH LIZ.png,差し替え
IVE SWITCH,リズ,Yizhiyu ファンサイン,3.0,switch/0347.jpg,0.999,0.512,224,329,1184,SWITCH LIZ.png,差し替え
IVE SWITCH,リズ,Yizhiyu ファンサイン,4.0,switch/0348.jpg,0.997,0.476,225,329,705,SWITCH LIZ.png,差し替え
IVE SWITCH,リズ,StarRiver ファンサイン,1.0,switch/0349.jpg,0.997,0.511,224,329,744,SWITCH LIZ.png,差し替え
IVE SWITCH,リズ,StarRiver ファンサイン,2.0,switch/0350.jpg,0.985,0.559,224,329,1118,SWITCH LIZ.png,差し替え
IVE SWITCH,リズ,Japan ファンサイン,Tokyo,switch/0351.jpg,0.999,0.661,224,329,776,SWITCH LIZ.png,差し替え
IVE SWITCH,リズ,Japan ファンサイン,Osaka,switch/0352.jpg,0.993,0.53,225,329,989,SWITCH LIZ.png,差し替え
IVE SWITCH,リズ,LINE FRIENDS トレカ,1,switch/0353.jpg,0.996,0.611,224,329,1195,SWITCH LIZ.png,差し替え
IVE SWITCH,リズ,LINE FRIENDS トレカ,2,switch/0354.jpg,0.999,0.429,224,329,491,SWITCH LIZ.png,差し替え
IVE SWITCH,リズ,LINE FRIENDS 特典,1,switch/0355.jpg,0.976,0.381,225,329,1606,SWITCH LIZ.png,差し替え
IVE SWITCH,リズ,LINE FRIENDS 特典,2,switch/0356.jpg,0.988,0.478,227,332,1356,SWITCH LIZ.png,差し替え
IVE SWITCH,リズ,OSAKA イベント,,switch/0357.jpg,0.992,0.462,224,329,343,SWITCH LIZ.png,
IVE SWITCH,リズ,Broadcast,1週目,switch/0358.jpg,0.994,0.538,224,329,856,SWITCH LIZ.png,差し替え
IVE SWITCH,リズ,Broadcast,2週目,switch/0359.jpg,0.995,0.77,224,329,825,SWITCH LIZ.png,差し替え
IVE SWITCH,レイ,本体封入,ON,switch/0144.jpg,0.998,0.623,225,329,1572,SWITCH REI.png,差し替え
IVE SWITCH,レイ,本体封入,OFF,switch/0145.jpg,0.999,0.632,224,329,1090,SWITCH REI.png,差し替え
IVE SWITCH,レイ,本体封入,SPIN-OFF,switch/0146.jpg,1.0,0.432,224,329,2839,SWITCH REI.png,差し替え
IVE SWITCH,レイ,本体封入,LOVED IVE,switch/0147.jpg,0.999,0.66,221,325,1243,SWITCH REI.png,差し替え
IVE SWITCH,レイ,本体封入,Digipack,switch/0148.jpg,0.996,0.46,225,329,993,SWITCH REI.png,差し替え
IVE SWITCH,レイ,本体封入,PLVE,switch/0149.jpg,0.998,0.61,225,329,1458,SWITCH REI.png,差し替え
IVE SWITCH,レイ,本体封入,Lenticular,switch/0150.jpg,0.999,0.578,224,329,3478,SWITCH REI.png,差し替え
IVE SWITCH,レイ,Starship Square,1,switch/0151.jpg,0.995,0.49,225,329,1164,SWITCH REI.png,差し替え
IVE SWITCH,レイ,Starship Square,2,switch/0152.jpg,0.995,0.27,224,329,731,SWITCH REI.png,差し替え
IVE SWITCH,レイ,Starship Square,LOVED IVE,switch/0153.jpg,0.987,0.558,224,329,1242,SWITCH REI.png,差し替え
IVE SWITCH,レイ,Starship Square,Digipack,switch/0154.jpg,0.987,0.735,224,329,830,SWITCH REI.png,差し替え
IVE SWITCH,レイ,Starship Square,Set 1,switch/0155.jpg,0.996,0.635,225,329,826,SWITCH REI.png,差し替え
IVE SWITCH,レイ,Starship Square,Set 2,switch/0156.jpg,0.993,0.561,227,329,694,SWITCH REI.png,差し替え
IVE SWITCH,レイ,Starship Square,Set 3,switch/0157.jpg,1.0,0.746,224,329,788,SWITCH REI.png,差し替え
IVE SWITCH,レイ,A!SMART,,switch/0158.jpg,0.991,0.628,224,329,783,SWITCH REI.png,差し替え
IVE SWITCH,レイ,Apple Music,,switch/0159.jpg,0.998,0.75,224,329,720,SWITCH REI.png,差し替え
IVE SWITCH,レイ,KakaoTalk,,switch/0160.jpg,0.552,0.531,225,329,809,SWITCH REI.png,
IVE SWITCH,レイ,Makestar,,switch/0161.jpg,0.986,0.619,227,329,1463,SWITCH REI.png,差し替え
IVE SWITCH,レイ,Music Korea,,switch/0162.jpg,0.99,0.633,224,329,1215,SWITCH REI.png,差し替え
IVE SWITCH,レイ,mymusictaste,,switch/0163.jpg,0.985,0.653,224,329,1414,SWITCH REI.png,差し替え
IVE SWITCH,レイ,Sony Music,,switch/0164.jpg,0.992,0.677,227,333,1359,SWITCH REI.png,差し替え
IVE SWITCH,レイ,Soundwave,,switch/0165.jpg,0.995,0.601,225,329,935,SWITCH REI.png,差し替え
IVE SWITCH,レイ,StarRiver,,switch/0166.jpg,0.998,0.651,224,329,473,SWITCH REI.png,差し替え
IVE SWITCH,レイ,Tower Records,,switch/0167.jpg,0.998,0.775,224,329,1625,SWITCH REI.png,差し替え
IVE SWITCH,レイ,withmuu,,switch/0168.jpg,0.983,0.63,226,329,1616,SWITCH REI.png,差し替え
IVE SWITCH,レイ,Soundwave ラキドロ,1.0-1,switch/0169.jpg,0.994,0.487,224,329,583,SWITCH REI.png,差し替え
IVE SWITCH,レイ,Soundwave ラキドロ,1.0-2,switch/0170.jpg,0.997,0.6,225,329,733,SWITCH REI.png,差し替え
IVE SWITCH,レイ,Soundwave ラキドロ,2.0-1,switch/0171.jpg,0.997,0.592,225,329,1067,SWITCH REI.png,差し替え
IVE SWITCH,レイ,Soundwave ラキドロ,2.0-2,switch/0172.jpg,0.999,0.65,224,329,1120,SWITCH REI.png,差し替え
IVE SWITCH,レイ,Soundwave ラキドロ,4.0-1,switch/0173.jpg,0.999,0.731,224,329,782,SWITCH REI.png,差し替え
IVE SWITCH,レイ,Soundwave ラキドロ,4.0-2,switch/0174.jpg,0.999,0.706,224,329,689,SWITCH REI.png,差し替え
IVE SWITCH,レイ,Soundwave ラキドロ,5.0-1,switch/0175.jpg,0.999,0.543,224,329,918,SWITCH REI.png,差し替え
IVE SWITCH,レイ,Soundwave ラキドロ,5.0-2,switch/0176.jpg,0.997,0.653,224,329,920,SWITCH REI.png,差し替え
IVE SWITCH,レイ,Music Korea ラキドロ,1,switch/0177.jpg,0.997,0.595,224,329,1015,SWITCH REI.png,差し替え
IVE SWITCH,レイ,Music Korea ラキドロ,2,switch/0178.jpg,0.995,0.703,225,329,1071,SWITCH REI.png,差し替え
IVE SWITCH,レイ,Makestar ラキドロ,1,switch/0179.jpg,0.997,0.453,227,333,1428,SWITCH REI.png,差し替え
IVE SWITCH,レイ,Makestar ラキドロ,2,switch/0180.jpg,0.995,0.48,224,329,1293,SWITCH REI.png,差し替え
IVE SWITCH,レイ,withmuu ラキドロ,1.0-1,switch/0181.jpg,0.999,0.786,224,329,1284,SWITCH REI.png,差し替え
IVE SWITCH,レイ,withmuu ラキドロ,1.0-2,switch/0182.jpg,0.999,0.708,224,329,903,SWITCH REI.png,差し替え
IVE SWITCH,レイ,withmuu ラキドロ,2.0-1,switch/0183.jpg,0.995,0.698,226,329,809,SWITCH REI.png,差し替え
IVE SWITCH,レイ,withmuu ラキドロ,2.0-2,switch/0184.jpg,0.998,0.465,224,329,1415,SWITCH REI.png,差し替え
IVE SWITCH,レイ,withmuu ラキドロ,3.0-1,switch/0185.jpg,0.998,0.696,225,329,848,SWITCH REI.png,差し替え
IVE SWITCH,レイ,withmuu ラキドロ,3.0-2,switch/0186.jpg,0.994,0.733,227,329,1185,SWITCH REI.png,差し替え
IVE SWITCH,レイ,Apple Music ファンサイン,1.0,switch/0187.jpg,0.992,0.58,224,329,691,SWITCH REI.png,差し替え
IVE SWITCH,レイ,Apple Music ファンサイン,2.0,switch/0188.jpg,0.999,0.639,224,329,1141,SWITCH REI.png,差し替え
IVE SWITCH,レイ,Apple Music ファンサイン,3.0,switch/0189.jpg,0.997,0.594,225,329,1975,SWITCH REI.png,差し替え
IVE SWITCH,レイ,Soundwave ファンサイン,1.0,switch/0190.jpg,0.999,0.677,224,329,1158,SWITCH REI.png,差し替え
IVE SWITCH,レイ,Soundwave ファンサイン,2.0,switch/0191.jpg,0.996,0.629,224,329,1068,SWITCH REI.png,差し替え
IVE SWITCH,レイ,Soundwave ファンサイン,Hong Kong,switch/0192.jpg,0.999,0.67,224,329,1631,SWITCH REI.png,差し替え
IVE SWITCH,レイ,Soundwave ファンサイン,Manila,switch/0193.jpg,0.997,0.541,225,329,1256,SWITCH REI.png,差し替え
IVE SWITCH,レイ,Soundwave ファンサイン,Jakarta,switch/0194.jpg,1.0,0.763,224,329,1138,SWITCH REI.png,差し替え
IVE SWITCH,レイ,mymusictaste ファンサイン,,switch/0195.jpg,0.999,0.704,224,329,728,SWITCH REI.png,差し替え
IVE SWITCH,レイ,Tower Records ファンサイン,,switch/0196.jpg,0.999,0.71,224,329,988,SWITCH REI.png,差し替え
IVE SWITCH,レイ,Makestar ファンサイン,1.0,switch/0197.jpg,0.998,0.74,224,329,1889,SWITCH REI.png,差し替え
IVE SWITCH,レイ,Makestar ファンサイン,2.0,switch/0198.jpg,0.999,0.642,224,329,1186,SWITCH REI.png,差し替え
IVE SWITCH,レイ,withmuu ファンサイン,1.0,switch/0199.jpg,0.994,0.655,227,329,1414,SWITCH REI.png,差し替え
IVE SWITCH,レイ,withmuu ファンサイン,2.0,switch/0200.jpg,0.997,0.71,225,329,790,SWITCH REI.png,差し替え
IVE SWITCH,レイ,Yizhiyu ファンサイン,1.0,switch/0201.jpg,0.986,0.627,227,329,549,SWITCH REI.png,差し替え
IVE SWITCH,レイ,Yizhiyu ファンサイン,2.0,switch/0202.jpg,0.993,0.711,224,329,872,SWITCH REI.png,差し替え
IVE SWITCH,レイ,Yizhiyu ファンサイン,3.0,switch/0203.jpg,1.0,0.539,224,329,919,SWITCH REI.png,差し替え
IVE SWITCH,レイ,Yizhiyu ファンサイン,4.0,switch/0204.jpg,0.999,0.506,225,329,1028,SWITCH REI.png,差し替え
IVE SWITCH,レイ,StarRiver ファンサイン,1.0,switch/0205.jpg,0.998,0.597,224,329,1299,SWITCH REI.png,差し替え
IVE SWITCH,レイ,StarRiver ファンサイン,2.0,switch/0206.jpg,0.997,0.681,224,329,657,SWITCH REI.png,差し替え
IVE SWITCH,レイ,Japan ファンサイン,Tokyo,switch/0207.jpg,1.0,0.596,224,329,885,SWITCH REI.png,差し替え
IVE SWITCH,レイ,Japan ファンサイン,Osaka,switch/0208.jpg,0.996,0.721,225,329,1274,SWITCH REI.png,差し替え
IVE SWITCH,レイ,LINE FRIENDS トレカ,1,switch/0209.jpg,0.999,0.641,227,333,1207,SWITCH REI.png,差し替え
IVE SWITCH,レイ,LINE FRIENDS トレカ,2,switch/0210.jpg,1.0,0.507,224,329,1536,SWITCH REI.png,差し替え
IVE SWITCH,レイ,LINE FRIENDS 特典,1,switch/0211.jpg,0.99,0.764,225,329,1238,SWITCH REI.png,差し替え
IVE SWITCH,レイ,LINE FRIENDS 特典,2,switch/0212.jpg,0.995,0.749,227,332,1538,SWITCH REI.png,差し替え
IVE SWITCH,レイ,OSAKA イベント,,switch/0213.jpg,0.994,0.755,224,329,644,SWITCH REI.png,差し替え
IVE SWITCH,レイ,Broadcast,1週目,switch/0214.jpg,0.993,0.602,224,329,2049,SWITCH REI.png,差し替え
IVE SWITCH,レイ,Broadcast,2週目,switch/0215.jpg,0.994,0.735,224,329,909,SWITCH REI.png,差し替え
IVE SWITCH,ウォニョン,本体封入,ON,switch/0216.jpg,0.996,0.729,225,329,2003,SWITCH WONYOUNG.png,差し替え
IVE SWITCH,ウォニョン,本体封入,OFF,switch/0217.jpg,0.992,0.582,224,329,1165,SWITCH WONYOUNG.png,差し替え
IVE SWITCH,ウォニョン,本体封入,SPIN-OFF,switch/0218.jpg,0.997,0.699,224,329,1143,SWITCH WONYOUNG.png,差し替え
IVE SWITCH,ウォニョン,本体封入,LOVED IVE,switch/0219.jpg,1.0,0.725,224,329,1310,SWITCH WONYOUNG.png,差し替え
IVE SWITCH,ウォニョン,本体封入,Digipack,switch/0220.jpg,0.995,0.623,225,329,1544,SWITCH WONYOUNG.png,差し替え
IVE SWITCH,ウォニョン,本体封入,PLVE,switch/0221.jpg,0.997,0.681,225,329,1172,SWITCH WONYOUNG.png,差し替え
IVE SWITCH,ウォニョン,本体封入,Lenticular,switch/0222.jpg,0.999,0.511,224,329,3617,SWITCH WONYOUNG.png,差し替え
IVE SWITCH,ウォニョン,Starship Square,1,switch/0223.jpg,0.998,0.597,225,329,1003,SWITCH WONYOUNG.png,差し替え
IVE SWITCH,ウォニョン,Starship Square,2,switch/0224.jpg,0.997,0.554,224,329,425,SWITCH WONYOUNG.png,
IVE SWITCH,ウォニョン,Starship Square,LOVED IVE,switch/0225.jpg,0.988,0.545,224,329,1194,SWITCH WONYOUNG.png,差し替え
IVE SWITCH,ウォニョン,Starship Square,Digipack,switch/0226.jpg,0.982,0.767,224,329,1243,SWITCH WONYOUNG.png,差し替え
IVE SWITCH,ウォニョン,Starship Square,Set 1,switch/0227.jpg,0.993,0.582,225,329,1087,SWITCH WONYOUNG.png,差し替え
IVE SWITCH,ウォニョン,Starship Square,Set 2,switch/0228.jpg,0.99,0.687,224,325,680,SWITCH WONYOUNG.png,差し替え
IVE SWITCH,ウォニョン,Starship Square,Set 3,switch/0229.jpg,0.996,0.522,224,329,784,SWITCH WONYOUNG.png,差し替え
IVE SWITCH,ウォニョン,A!SMART,,switch/0230.jpg,0.998,0.564,224,329,1270,SWITCH WONYOUNG.png,差し替え
IVE SWITCH,ウォニョン,Apple Music,,switch/0231.jpg,0.983,0.548,224,329,1581,SWITCH WONYOUNG.png,差し替え
IVE SWITCH,ウォニョン,KakaoTalk,,switch/0232.jpg,0.993,0.628,225,329,1408,SWITCH WONYOUNG.png,差し替え
IVE SWITCH,ウォニョン,Makestar,,switch/0233.jpg,0.551,0.546,227,329,989,SWITCH WONYOUNG.png,
IVE SWITCH,ウォニョン,Music Korea,,switch/0234.jpg,0.998,0.627,224,329,674,SWITCH WONYOUNG.png,差し替え
IVE SWITCH,ウォニョン,mymusictaste,,switch/0235.jpg,0.991,0.674,224,329,849,SWITCH WONYOUNG.png,差し替え
IVE SWITCH,ウォニョン,Sony Music,,switch/0236.jpg,0.983,0.5,227,333,1293,SWITCH WONYOUNG.png,差し替え
IVE SWITCH,ウォニョン,Soundwave,,switch/0237.jpg,0.993,0.396,225,329,1027,SWITCH WONYOUNG.png,差し替え
IVE SWITCH,ウォニョン,StarRiver,,switch/0238.jpg,0.996,0.519,224,329,897,SWITCH WONYOUNG.png,差し替え
IVE SWITCH,ウォニョン,Tower Records,,switch/0239.jpg,0.998,0.618,224,329,638,SWITCH WONYOUNG.png,差し替え
IVE SWITCH,ウォニョン,withmuu,,switch/0240.jpg,0.993,0.549,224,329,2023,SWITCH WONYOUNG.png,差し替え
IVE SWITCH,ウォニョン,Soundwave ラキドロ,1.0-1,switch/0241.jpg,0.997,0.682,224,329,665,SWITCH WONYOUNG.png,差し替え
IVE SWITCH,ウォニョン,Soundwave ラキドロ,1.0-2,switch/0242.jpg,0.993,0.546,225,329,1295,SWITCH WONYOUNG.png,差し替え
IVE SWITCH,ウォニョン,Soundwave ラキドロ,2.0-1,switch/0243.jpg,0.997,0.431,225,329,1148,SWITCH WONYOUNG.png,差し替え
IVE SWITCH,ウォニョン,Soundwave ラキドロ,2.0-2,switch/0244.jpg,0.998,0.427,224,329,1673,SWITCH WONYOUNG.png,差し替え
IVE SWITCH,ウォニョン,Soundwave ラキドロ,4.0-1,switch/0245.jpg,0.998,0.814,224,329,694,SWITCH WONYOUNG.png,差し替え
IVE SWITCH,ウォニョン,Soundwave ラキドロ,4.0-2,switch/0246.jpg,0.999,0.811,224,329,573,SWITCH WONYOUNG.png,差し替え
IVE SWITCH,ウォニョン,Soundwave ラキドロ,5.0-1,switch/0247.jpg,0.996,0.463,224,329,872,SWITCH WONYOUNG.png,差し替え
IVE SWITCH,ウォニョン,Soundwave ラキドロ,5.0-2,switch/0248.jpg,0.995,0.565,224,329,1552,SWITCH WONYOUNG.png,差し替え
IVE SWITCH,ウォニョン,Music Korea ラキドロ,1,switch/0249.jpg,0.997,0.551,224,329,1141,SWITCH WONYOUNG.png,差し替え
IVE SWITCH,ウォニョン,Music Korea ラキドロ,2,switch/0250.jpg,0.995,0.418,225,329,1837,SWITCH WONYOUNG.png,差し替え
IVE SWITCH,ウォニョン,Makestar ラキドロ,1,switch/0251.jpg,0.993,0.594,227,333,1912,SWITCH WONYOUNG.png,差し替え
IVE SWITCH,ウォニョン,Makestar ラキドロ,2,switch/0252.jpg,0.997,0.631,224,329,1264,SWITCH WONYOUNG.png,差し替え
IVE SWITCH,ウォニョン,withmuu ラキドロ,1.0-1,switch/0253.jpg,0.998,0.664,224,329,1301,SWITCH WONYOUNG.png,差し替え
IVE SWITCH,ウォニョン,withmuu ラキドロ,1.0-2,switch/0254.jpg,0.997,0.67,224,329,1302,SWITCH WONYOUNG.png,差し替え
IVE SWITCH,ウォニョン,withmuu ラキドロ,2.0-1,switch/0255.jpg,0.996,0.616,226,329,973,SWITCH WONYOUNG.png,差し替え
IVE SWITCH,ウォニョン,withmuu ラキドロ,2.0-2,switch/0256.jpg,0.998,0.58,224,329,1097,SWITCH WONYOUNG.png,差し替え
IVE SWITCH,ウォニョン,withmuu ラキドロ,3.0-1,switch/0257.jpg,0.998,0.566,227,329,1006,SWITCH WONYOUNG.png,差し替え
IVE SWITCH,ウォニョン,withmuu ラキドロ,3.0-2,switch/0258.jpg,0.996,0.648,227,329,1098,SWITCH WONYOUNG.png,差し替え
IVE SWITCH,ウォニョン,Apple Music ファンサイン,1.0,switch/0259.jpg,0.996,0.577,224,329,661,SWITCH WONYOUNG.png,差し替え
IVE SWITCH,ウォニョン,Apple Music ファンサイン,2.0,switch/0260.jpg,0.998,0.611,224,329,2070,SWITCH WONYOUNG.png,差し替え
IVE SWITCH,ウォニョン,Apple Music ファンサイン,3.0,switch/0261.jpg,0.998,0.559,225,329,1087,SWITCH WONYOUNG.png,差し替え
IVE SWITCH,ウォニョン,Soundwave ファンサイン,1.0,switch/0262.jpg,0.999,0.666,224,329,1141,SWITCH WONYOUNG.png,差し替え
IVE SWITCH,ウォニョン,Soundwave ファンサイン,2.0,switch/0263.jpg,0.997,0.589,224,329,958,SWITCH WONYOUNG.png,差し替え
IVE SWITCH,ウォニョン,Soundwave ファンサイン,Hong Kong,switch/0264.jpg,0.999,0.495,224,329,1148,SWITCH WONYOUNG.png,差し替え
IVE SWITCH,ウォニョン,Soundwave ファンサイン,Manila,switch/0265.jpg,0.997,0.596,225,329,730,SWITCH WONYOUNG.png,差し替え
IVE SWITCH,ウォニョン,Soundwave ファンサイン,Jakarta,switch/0266.jpg,1.0,0.726,224,329,752,SWITCH WONYOUNG.png,差し替え
IVE SWITCH,ウォニョン,mymusictaste ファンサイン,,switch/0267.jpg,0.998,0.742,224,329,1175,SWITCH WONYOUNG.png,差し替え
IVE SWITCH,ウォニョン,Tower Records ファンサイン,,switch/0268.jpg,0.998,0.654,224,329,708,SWITCH WONYOUNG.png,差し替え
IVE SWITCH,ウォニョン,Makestar ファンサイン,1.0,switch/0269.jpg,0.997,0.565,224,329,1705,SWITCH WONYOUNG.png,差し替え
IVE SWITCH,ウォニョン,Makestar ファンサイン,2.0,switch/0270.jpg,0.999,0.644,224,329,989,SWITCH WONYOUNG.png,差し替え
IVE SWITCH,ウォニョン,withmuu ファンサイン,1.0,switch/0271.jpg,0.989,0.545,227,329,2339,SWITCH WONYOUNG.png,差し替え
IVE SWITCH,ウォニョン,withmuu ファンサイン,2.0,switch/0272.jpg,0.997,0.485,225,329,1384,SWITCH WONYOUNG.png,差し替え
IVE SWITCH,ウォニョン,Yizhiyu ファンサイン,1.0,switch/0273.jpg,0.989,0.736,227,329,770,SWITCH WONYOUNG.png,差し替え
IVE SWITCH,ウォニョン,Yizhiyu ファンサイン,2.0,switch/0274.jpg,0.99,0.564,224,329,1912,SWITCH WONYOUNG.png,差し替え
IVE SWITCH,ウォニョン,Yizhiyu ファンサイン,3.0,switch/0275.jpg,1.0,0.576,224,329,842,SWITCH WONYOUNG.png,差し替え
IVE SWITCH,ウォニョン,Yizhiyu ファンサイン,4.0,switch/0276.jpg,1.0,0.692,225,329,1388,SWITCH WONYOUNG.png,差し替え
IVE SWITCH,ウォニョン,StarRiver ファンサイン,1.0,switch/0277.jpg,1.0,0.61,224,329,588,SWITCH WONYOUNG.png,差し替え
IVE SWITCH,ウォニョン,StarRiver ファンサイン,2.0,switch/0278.jpg,0.998,0.457,224,329,881,SWITCH WONYOUNG.png,差し替え
IVE SWITCH,ウォニョン,Japan ファンサイン,Tokyo,switch/0279.jpg,0.997,0.581,224,329,663,SWITCH WONYOUNG.png,差し替え
IVE SWITCH,ウォニョン,Japan ファンサイン,Osaka,switch/0280.jpg,0.996,0.505,225,329,678,SWITCH WONYOUNG.png,差し替え
IVE SWITCH,ウォニョン,LINE FRIENDS トレカ,1,switch/0281.jpg,0.994,0.692,227,333,1433,SWITCH WONYOUNG.png,差し替え
IVE SWITCH,ウォニョン,LINE FRIENDS トレカ,2,switch/0282.jpg,0.998,0.448,224,329,471,SWITCH WONYOUNG.png,差し替え
IVE SWITCH,ウォニョン,LINE FRIENDS 特典,1,switch/0283.jpg,0.995,0.472,225,329,1102,SWITCH WONYOUNG.png,差し替え
IVE SWITCH,ウォニョン,LINE FRIENDS 特典,2,switch/0284.jpg,0.993,0.431,227,332,1255,SWITCH WONYOUNG.png,差し替え
IVE SWITCH,ウォニョン,OSAKA イベント,,switch/0285.jpg,0.997,0.722,224,329,763,SWITCH WONYOUNG.png,差し替え
IVE SWITCH,ウォニョン,Broadcast,1週目,switch/0286.jpg,0.992,0.515,224,329,728,SWITCH WONYOUNG.png,差し替え
IVE SWITCH,ウォニョン,Broadcast,2週目,switch/0287.jpg,0.988,0.541,224,329,971,SWITCH WONYOUNG.png,差し替え
IVE SWITCH,ユジン,本体封入,ON,switch/0072.jpg,0.997,0.39,225,329,1373,SWITCH YUJIN.png,差し替え
IVE SWITCH,ユジン,本体封入,OFF,switch/0073.jpg,0.993,0.414,224,329,1930,SWITCH YUJIN.png,差し替え
IVE SWITCH,ユジン,本体封入,SPIN-OFF,switch/0074.jpg,1.0,0.592,224,329,906,SWITCH YUJIN.png,差し替え
IVE SWITCH,ユジン,本体封入,LOVED IVE,switch/0075.jpg,1.0,0.683,224,329,1135,SWITCH YUJIN.png,差し替え
IVE SWITCH,ユジン,本体封入,Digipack,switch/0076.jpg,0.997,0.6,225,329,1833,SWITCH YUJIN.png,差し替え
IVE SWITCH,ユジン,本体封入,PLVE,switch/0077.jpg,0.998,0.623,225,329,1170,SWITCH YUJIN.png,差し替え
IVE SWITCH,ユジン,本体封入,Lenticular,switch/0078.jpg,0.999,0.536,224,329,2655,SWITCH YUJIN.png,差し替え
IVE SWITCH,ユジン,Starship Square,1,switch/0079.jpg,0.993,0.523,225,329,1129,SWITCH YUJIN.png,差し替え
IVE SWITCH,ユジン,Starship Square,2,switch/0080.jpg,0.994,0.3,224,329,723,SWITCH YUJIN.png,差し替え
IVE SWITCH,ユジン,Starship Square,LOVED IVE,switch/0081.jpg,0.988,0.639,224,329,933,SWITCH YUJIN.png,差し替え
IVE SWITCH,ユジン,Starship Square,Digipack,switch/0082.jpg,0.986,0.591,224,329,1877,SWITCH YUJIN.png,差し替え
IVE SWITCH,ユジン,Starship Square,Set 1,switch/0083.jpg,0.995,0.56,225,329,1031,SWITCH YUJIN.png,差し替え
IVE SWITCH,ユジン,Starship Square,Set 2,switch/0084.jpg,0.992,0.607,227,333,807,SWITCH YUJIN.png,差し替え
IVE SWITCH,ユジン,Starship Square,Set 3,switch/0085.jpg,0.999,0.383,224,329,842,SWITCH YUJIN.png,差し替え
IVE SWITCH,ユジン,A!SMART,,switch/0086.jpg,0.997,0.441,224,329,600,SWITCH YUJIN.png,差し替え
IVE SWITCH,ユジン,Apple Music,,switch/0087.jpg,0.986,0.423,224,329,1443,SWITCH YUJIN.png,差し替え
IVE SWITCH,ユジン,KakaoTalk,,switch/0088.jpg,0.997,0.537,212,311,872,SWITCH YUJIN.png,差し替え
IVE SWITCH,ユジン,Makestar,,switch/0089.jpg,0.987,0.513,224,329,874,SWITCH YUJIN.png,差し替え
IVE SWITCH,ユジン,Music Korea,,switch/0090.jpg,0.987,0.46,227,329,545,SWITCH YUJIN.png,差し替え
IVE SWITCH,ユジン,mymusictaste,,switch/0091.jpg,0.989,0.665,224,329,917,SWITCH YUJIN.png,差し替え
IVE SWITCH,ユジン,Sony Music,,switch/0092.jpg,0.993,0.604,227,333,598,SWITCH YUJIN.png,差し替え
IVE SWITCH,ユジン,Soundwave,,switch/0093.jpg,0.996,0.629,225,329,914,SWITCH YUJIN.png,差し替え
IVE SWITCH,ユジン,StarRiver,,switch/0094.jpg,0.998,0.554,224,329,836,SWITCH YUJIN.png,差し替え
IVE SWITCH,ユジン,Tower Records,,switch/0095.jpg,0.991,0.596,224,329,1397,SWITCH YUJIN.png,差し替え
IVE SWITCH,ユジン,withmuu,,switch/0096.jpg,0.993,0.414,226,329,1477,SWITCH YUJIN.png,差し替え
IVE SWITCH,ユジン,Soundwave ラキドロ,1.0-1,switch/0097.jpg,0.996,0.483,224,329,825,SWITCH YUJIN.png,差し替え
IVE SWITCH,ユジン,Soundwave ラキドロ,1.0-2,switch/0098.jpg,0.993,0.384,225,329,913,SWITCH YUJIN.png,差し替え
IVE SWITCH,ユジン,Soundwave ラキドロ,2.0-1,switch/0099.jpg,0.989,0.495,227,329,738,SWITCH YUJIN.png,差し替え
IVE SWITCH,ユジン,Soundwave ラキドロ,2.0-2,switch/0100.jpg,0.999,0.334,224,329,1339,SWITCH YUJIN.png,差し替え
IVE SWITCH,ユジン,Soundwave ラキドロ,4.0-1,switch/0101.jpg,0.998,0.651,224,329,1034,SWITCH YUJIN.png,差し替え
IVE SWITCH,ユジン,Soundwave ラキドロ,4.0-2,switch/0102.jpg,0.998,0.457,224,329,578,SWITCH YUJIN.png,差し替え
IVE SWITCH,ユジン,Soundwave ラキドロ,5.0-1,switch/0103.jpg,0.998,0.585,224,329,399,SWITCH YUJIN.png,
IVE SWITCH,ユジン,Soundwave ラキドロ,5.0-2,switch/0104.jpg,0.996,0.431,224,329,727,SWITCH YUJIN.png,差し替え
IVE SWITCH,ユジン,Music Korea ラキドロ,1,switch/0105.jpg,0.994,0.544,224,329,847,SWITCH YUJIN.png,差し替え
IVE SWITCH,ユジン,Music Korea ラキドロ,2,switch/0106.jpg,0.995,0.395,227,329,1272,SWITCH YUJIN.png,差し替え
IVE SWITCH,ユジン,Makestar ラキドロ,1,switch/0107.jpg,0.994,0.531,227,333,1901,SWITCH YUJIN.png,差し替え
IVE SWITCH,ユジン,Makestar ラキドロ,2,switch/0108.jpg,0.995,0.391,224,329,1798,SWITCH YUJIN.png,差し替え
IVE SWITCH,ユジン,withmuu ラキドロ,1.0-1,switch/0109.jpg,0.998,0.588,224,329,1295,SWITCH YUJIN.png,差し替え
IVE SWITCH,ユジン,withmuu ラキドロ,1.0-2,switch/0110.jpg,0.996,0.459,224,329,1038,SWITCH YUJIN.png,差し替え
IVE SWITCH,ユジン,withmuu ラキドロ,2.0-1,switch/0111.jpg,0.999,0.467,224,329,532,SWITCH YUJIN.png,差し替え
IVE SWITCH,ユジン,withmuu ラキドロ,2.0-2,switch/0112.jpg,0.998,0.527,224,329,1945,SWITCH YUJIN.png,差し替え
IVE SWITCH,ユジン,withmuu ラキドロ,3.0-1,switch/0113.jpg,0.998,0.561,225,329,752,SWITCH YUJIN.png,差し替え
IVE SWITCH,ユジン,withmuu ラキドロ,3.0-2,switch/0114.jpg,0.994,0.563,227,329,770,SWITCH YUJIN.png,差し替え
IVE SWITCH,ユジン,Apple Music ファンサイン,1.0,switch/0115.jpg,0.99,0.47,224,329,915,SWITCH YUJIN.png,差し替え
IVE SWITCH,ユジン,Apple Music ファンサイン,2.0,switch/0116.jpg,0.999,0.5,224,329,1065,SWITCH YUJIN.png,差し替え
IVE SWITCH,ユジン,Apple Music ファンサイン,3.0,switch/0117.jpg,0.998,0.541,225,329,1716,SWITCH YUJIN.png,差し替え
IVE SWITCH,ユジン,Soundwave ファンサイン,1.0,switch/0118.jpg,0.998,0.546,224,329,1041,SWITCH YUJIN.png,差し替え
IVE SWITCH,ユジン,Soundwave ファンサイン,2.0,switch/0119.jpg,0.998,0.597,224,329,921,SWITCH YUJIN.png,差し替え
IVE SWITCH,ユジン,Soundwave ファンサイン,Hong Kong,switch/0120.jpg,0.999,0.407,224,329,796,SWITCH YUJIN.png,差し替え
IVE SWITCH,ユジン,Soundwave ファンサイン,Manila,switch/0121.jpg,0.999,0.589,227,329,1025,SWITCH YUJIN.png,差し替え
IVE SWITCH,ユジン,Soundwave ファンサイン,Jakarta,switch/0122.jpg,1.0,0.664,224,329,1624,SWITCH YUJIN.png,差し替え
IVE SWITCH,ユジン,mymusictaste ファンサイン,,switch/0123.jpg,0.999,0.601,224,329,1105,SWITCH YUJIN.png,差し替え
IVE SWITCH,ユジン,Tower Records ファンサイン,,switch/0124.jpg,0.999,0.643,224,329,507,SWITCH YUJIN.png,差し替え
IVE SWITCH,ユジン,Makestar ファンサイン,1.0,switch/0125.jpg,0.998,0.609,224,329,740,SWITCH YUJIN.png,差し替え
IVE SWITCH,ユジン,Makestar ファンサイン,2.0,switch/0126.jpg,0.985,0.282,226,329,810,SWITCH YUJIN.png,差し替え
IVE SWITCH,ユジン,withmuu ファンサイン,1.0,switch/0127.jpg,0.994,0.59,227,329,1583,SWITCH YUJIN.png,差し替え
IVE SWITCH,ユジン,withmuu ファンサイン,2.0,switch/0128.jpg,0.992,0.432,227,329,1338,SWITCH YUJIN.png,差し替え
IVE SWITCH,ユジン,Yizhiyu ファンサイン,1.0,switch/0129.jpg,0.988,0.592,227,329,1359,SWITCH YUJIN.png,差し替え
IVE SWITCH,ユジン,Yizhiyu ファンサイン,2.0,switch/0130.jpg,0.994,0.522,224,329,1159,SWITCH YUJIN.png,差し替え
IVE SWITCH,ユジン,Yizhiyu ファンサイン,3.0,switch/0131.jpg,1.0,0.503,224,329,2159,SWITCH YUJIN.png,差し替え
IVE SWITCH,ユジン,Yizhiyu ファンサイン,4.0,switch/0132.jpg,1.0,0.384,225,329,1188,SWITCH YUJIN.png,差し替え
IVE SWITCH,ユジン,StarRiver ファンサイン,1.0,switch/0133.jpg,0.998,0.626,224,329,1021,SWITCH YUJIN.png,差し替え
IVE SWITCH,ユジン,StarRiver ファンサイン,2.0,switch/0134.jpg,0.999,0.46,224,329,816,SWITCH YUJIN.png,差し替え
IVE SWITCH,ユジン,Japan ファンサイン,Tokyo,switch/0135.jpg,1.0,0.382,224,329,644,SWITCH YUJIN.png,差し替え
IVE SWITCH,ユジン,Japan ファンサイン,Osaka,switch/0136.jpg,0.998,0.669,225,329,708,SWITCH YUJIN.png,差し替え
IVE SWITCH,ユジン,LINE FRIENDS トレカ,1,switch/0137.jpg,0.996,0.536,227,333,1709,SWITCH YUJIN.png,差し替え
IVE SWITCH,ユジン,LINE FRIENDS トレカ,2,switch/0138.jpg,0.998,0.634,224,329,334,SWITCH YUJIN.png,
IVE SWITCH,ユジン,LINE FRIENDS 特典,1,switch/0139.jpg,0.988,0.545,225,329,886,SWITCH YUJIN.png,差し替え
IVE SWITCH,ユジン,LINE FRIENDS 特典,2,switch/0140.jpg,0.993,0.498,227,332,943,SWITCH YUJIN.png,差し替え
IVE SWITCH,ユジン,OSAKA イベント,,switch/0141.jpg,0.993,0.588,224,329,596,SWITCH YUJIN.png,差し替え
IVE SWITCH,ユジン,Broadcast,1週目,switch/0142.jpg,0.986,0.556,224,329,761,SWITCH YUJIN.png,差し替え
IVE SWITCH,ユジン,Broadcast,2週目,switch/0143.jpg,0.987,0.525,224,329,711,SWITCH YUJIN.png,差し替え
