folder,file,width,height,kb
.,F0ClaxJWYAAVWjt.jpg,2160,3840,1118
.,F0ClaxJWwAcNZ2J.jpg,2160,3840,1137
.,F0ClaxrXwAUjo5c.jpg,2160,3840,1091
.,F0CllATX0AE22Cs.jpg,2160,3840,1150
.,F0CllD0XsAAgWH_.jpg,2160,3840,1134
.,F0CllF3WAAIsDXA.jpg,2160,3840,1141
.,F5v-atlWAAAcbSr.jpg,2160,3840,1332
.,FHGd0RoUUAABjWU.jpg,1194,2048,435
.,FT7ydEeXsAASeuH.jpg,1080,1920,347
.,FT7ydEjWUAA8S04.jpg,1080,1920,342
.,FT7ydEkXoAAb0Nf.jpg,1080,1920,334
.,FT7ywu8WQAABiHt.jpg,1080,1920,358
.,FT7ywvKWUAEd_w_.jpg,1080,1920,353
.,FT7ywxaWYAIoqO9.jpg,1080,1920,363
.,Fg4a3C_XkAIrckm.jpg,1080,1920,353
.,Fg4a3ChWAAA7C-B.jpg,1080,1920,351
.,Fg4a3DaXkAI7zk7.jpg,1080,1920,354
.,Fg4aallWYAIV02U.jpg,1080,1920,365
.,Fg4aalmXoAIybM0.jpg,1080,1920,342
.,Fg4aaloWAAUiCY9.jpg,1080,1920,334
.,GB_Vl2CakAAl8AM.jpg,720,1229,232
.,GB_Vl2CbQAArDm1.jpg,720,1233,231
.,GCDIAGUbYAA1imD.jpg,719,1238,241
.,GCDIAGVawAAHleH.jpg,720,1227,224
.,GCH979TakAAYmwE.jpg,720,1234,219
.,GCH979WbgAAc0WC.jpg,720,1233,216
.,GdJKJ9ubYAA6SXZ.jpg,810,2048,399
.,Ge1OH6gaMAAL1m6.jpg,1216,2048,373
.,Ge1OH6gaoAEn7vW.jpg,1222,2048,375
.,Ge1OH6gbcAAnUGp.jpg,1220,2048,372
.,Ge1OSUSagAAGKcC.jpg,1220,2048,354
.,Ge1OSUTaUAA8kpQ.jpg,1216,2048,377
.,Ge1OSUWaoAEJ1sz.jpg,1220,2048,361
.,Gs1Yb-AaoAEIHa1.jpg,1406,2048,565
.,Gs1ZAA8acAAOPZB.jpg,1386,2048,414
.,Gs1ZABBbYAAnOPw.jpg,1390,2048,389
.,Gs1ZABDawAAUdlI.jpg,1390,2048,394
.,Gs1ZK9YbsAActGF.jpg,1390,2048,412
.,Gs1ZK9lasAAspg_.jpg,1390,2048,410
.,Gs1ZK9ma4AAVZrn.jpg,1390,2048,410
.,HG6EMFUaAAA8kWH.jpg,1278,2048,427
.,HG6EMFXbAAA5Vjd.jpg,1278,2048,426
.,HG6EMFvaQAE--qC.jpg,1276,2048,423
.,HG6EV-YakAA21E9.jpg,1276,2048,427
.,HG6EV-cbcAAmcUO.jpg,1280,2048,422
.,HG6EV-fa8AAd6Hi.jpg,1278,2048,422
.,HG6yvNuaoAAba5e.jpg,1954,3357,1181
.,HOe_bU-XEAAhwzl.jpg,2160,3840,1253
.,HOe_bVDWAAASvhW.jpg,2160,3840,1281
.,HOe_bWDXkAAQPlm.jpg,2160,3840,1264
.,HOe_n0XX0AAPTbA.jpg,2160,3840,1265
.,HOe_n0bXAAEpmut.jpg,2160,3840,1221
.,HOe_n1uXwAA17Bm.jpg,2160,3840,1246
.,HQfy2Fba8AAYvR1.jpg,1979,3300,781
.,HQfy2FcbcAAQTak.jpg,1979,3300,785
.,HQfy2FfbQAAPG-L.jpg,1979,3300,782
.,HQfydLeacAIpyyM.jpg,1979,3300,810
.,HQfydLjbUAARzvY.jpg,1979,3300,799
.,HQfydLsaoAAV_fJ.jpg,1979,3300,798
.,HRCVwmibIAACPLR.jpg,2860,3950,1478
.,HRCWwsbbgAA-3oC.jpg,1950,3410,1190
.,HRc4csAa4AASIzi.jpg,2360,3000,715
.,HRc4csAaEAAj9JZ.jpg,2360,3000,702
.,HRc4csnbQAALiv4.jpg,2360,3000,709
.,HRc4o22bYAA4qrE.jpg,2360,3000,722
.,HRc4o29akAAzPvA.jpg,2360,3000,699
.,HRc4o3DbwAAObx4.jpg,2360,3000,710
.,HSomkTDbsAAX7bm.jpg,4078,4096,2380
.,HSomkTGacAAqiwJ.jpg,4078,4096,2326
.,HSomkTHagAABxtT.jpg,4078,4096,2398
.,HSomkTIbkAA5sqH.jpg,4078,4096,2471
.,HSonBHlbwAImcow.jpg,4078,4096,2390
.,HSonBHmbwAAd4Bt.jpg,4078,4096,2384
IVE English ver. - photocard list-20260927T144026Z-1-001/IVE English ver. - photocard list/#wonyoung,IMG_5528.JPG,2424,3030,3766
IVE English ver. - photocard list-20260927T144026Z-1-001/IVE English ver. - photocard list/#wonyoung/01-IZONE,IMG_1561.JPG,1890,3360,1803
IVE English ver. - photocard list-20260927T144026Z-1-001/IVE English ver. - photocard list/#wonyoung/01-IZONE,IMG_1562.JPG,1890,3360,1486
IVE English ver. - photocard list-20260927T144026Z-1-001/IVE English ver. - photocard list/#wonyoung/01-IZONE,IMG_1563.JPG,1890,3360,2026
IVE English ver. - photocard list-20260927T144026Z-1-001/IVE English ver. - photocard list/#wonyoung/01-IZONE,IMG_1564.JPG,2953,3937,2335
IVE English ver. - photocard list-20260927T144026Z-1-001/IVE English ver. - photocard list/#wonyoung/01-IZONE,IMG_1978.JPG,2268,2268,1468
IVE English ver. - photocard list-20260927T144026Z-1-001/IVE English ver. - photocard list/#wonyoung/01-IZONE,IMG_1979.JPG,2268,2268,1459
IVE English ver. - photocard list-20260927T144026Z-1-001/IVE English ver. - photocard list/#wonyoung/01-IZONE,IMG_2054.JPG,2268,2268,1286
IVE English ver. - photocard list-20260927T144026Z-1-001/IVE English ver. - photocard list/#wonyoung/01-IZONE,IMG_2055.JPG,2268,2268,1225
IVE English ver. - photocard list-20260927T144026Z-1-001/IVE English ver. - photocard list/#wonyoung/01-IZONE,IMG_2111.JPG,2268,2268,1315
IVE English ver. - photocard list-20260927T144026Z-1-001/IVE English ver. - photocard list/#wonyoung/01-IZONE,IMG_2153.JPG,2268,2268,1219
IVE English ver. - photocard list-20260927T144026Z-1-001/IVE English ver. - photocard list/#wonyoung/01-IZONE,IMG_2270.JPG,1594,2835,1232
IVE English ver. - photocard list-20260927T144026Z-1-001/IVE English ver. - photocard list/#wonyoung/01-IZONE,IMG_2314.JPG,2268,2268,1160
IVE English ver. - photocard list-20260927T144026Z-1-001/IVE English ver. - photocard list/#wonyoung/01-IZONE,IMG_2337.JPG,2126,2834,1585
IVE English ver. - photocard list-20260927T144026Z-1-001/IVE English ver. - photocard list/#wonyoung/01-IZONE,IMG_2339.JPG,2126,2834,2348
IVE English ver. - photocard list-20260927T144026Z-1-001/IVE English ver. - photocard list/#wonyoung/01-IZONE,IMG_2723.JPG,2268,2268,1233
IVE English ver. - photocard list-20260927T144026Z-1-001/IVE English ver. - photocard list/#wonyoung/01-IZONE,IMG_2966.JPG,2268,2268,1145
IVE English ver. - photocard list-20260927T144026Z-1-001/IVE English ver. - photocard list/#wonyoung/01-IZONE,IMG_2967.JPG,2268,2268,1341
IVE English ver. - photocard list-20260927T144026Z-1-001/IVE English ver. - photocard list/#wonyoung/01-IZONE,IMG_2978.JPG,2268,2268,1101
IVE English ver. - photocard list-20260927T144026Z-1-001/IVE English ver. - photocard list/#wonyoung/01-IZONE,IMG_2982.JPG,2268,2268,1334
IVE English ver. - photocard list-20260927T144026Z-1-001/IVE English ver. - photocard list/#wonyoung/01-IZONE,IMG_2983.JPG,2268,2268,1177
IVE English ver. - photocard list-20260927T144026Z-1-001/IVE English ver. - photocard list/#wonyoung/01-IZONE,IMG_2996.JPG,2268,2268,1349
IVE English ver. - photocard list-20260927T144026Z-1-001/IVE English ver. - photocard list/#wonyoung/01-IZONE,IMG_3016.JPG,1593,2835,1325
IVE English ver. - photocard list-20260927T144026Z-1-001/IVE English ver. - photocard list/#wonyoung/01-IZONE,IMG_3017.JPG,1593,2835,1442
IVE English ver. - photocard list-20260927T144026Z-1-001/IVE English ver. - photocard list/#wonyoung/01-IZONE,IMG_3214.JPG,2268,2268,1048
IVE English ver. - photocard list-20260927T144026Z-1-001/IVE English ver. - photocard list/#wonyoung/01-IZONE,IMG_3225.JPG,2268,2268,1013
IVE English ver. - photocard list-20260927T144026Z-1-001/IVE English ver. - photocard list/#wonyoung/01-IZONE,IMG_3226(1).JPG,2268,2268,1029
IVE English ver. - photocard list-20260927T144026Z-1-001/IVE English ver. - photocard list/#wonyoung/01-IZONE,IMG_3226.JPG,2268,2268,1029
IVE English ver. - photocard list-20260927T144026Z-1-001/IVE English ver. - photocard list/#wonyoung/01-IZONE,IMG_3243.JPG,2268,2268,917
IVE English ver. - photocard list-20260927T144026Z-1-001/IVE English ver. - photocard list/#wonyoung/01-IZONE,IMG_3607.JPG,2362,2362,1787
IVE English ver. - photocard list-20260927T144026Z-1-001/IVE English ver. - photocard list/#wonyoung/01-IZONE,IMG_3663.JPG,2362,2362,2097
IVE English ver. - photocard list-20260927T144026Z-1-001/IVE English ver. - photocard list/#wonyoung/02-kirsh,01-all.JPG,1890,1890,1241
IVE English ver. - photocard list-20260927T144026Z-1-001/IVE English ver. - photocard list/#wonyoung/02-kirsh,02-21aw.JPG,1890,1890,1105
IVE English ver. - photocard list-20260927T144026Z-1-001/IVE English ver. - photocard list/#wonyoung/02-kirsh,03-22ss.JPG,1890,1890,1042
IVE English ver. - photocard list-20260927T144026Z-1-001/IVE English ver. - photocard list/#wonyoung/02-kirsh,04-22aw.JPG,1890,1890,829
IVE English ver. - photocard list-20260927T144026Z-1-001/IVE English ver. - photocard list/#wonyoung/03-Innisfree,03-Innisfree.JPG,1890,1890,908
IVE English ver. - photocard list-20260927T144026Z-1-001/IVE English ver. - photocard list/#wonyoung/04-skt,04-skt.JPG,1890,1890,922
IVE English ver. - photocard list-20260927T144026Z-1-001/IVE English ver. - photocard list/#wonyoung/05-hapakristin,01-all.JPG,1984,1984,1582
IVE English ver. - photocard list-20260927T144026Z-1-001/IVE English ver. - photocard list/#wonyoung/05-hapakristin,02-brown.JPG,1984,1984,1336
IVE English ver. - photocard list-20260927T144026Z-1-001/IVE English ver. - photocard list/#wonyoung/05-hapakristin,03-gray.JPG,1984,1984,730
IVE English ver. - photocard list-20260927T144026Z-1-001/IVE English ver. - photocard list/#wonyoung/05-hapakristin,04-beige.JPG,1984,1984,859
IVE English ver. - photocard list-20260927T144026Z-1-001/IVE English ver. - photocard list/#wonyoung/05-hapakristin,05-olive.JPG,1984,1984,864
IVE English ver. - photocard list-20260927T144026Z-1-001/IVE English ver. - photocard list/#wonyoung/05-hapakristin,06.JPG,1984,1984,1375
IVE English ver. - photocard list-20260927T144026Z-1-001/IVE English ver. - photocard list/#wonyoung/05-hapakristin,IMG_4023.JPG,1984,1984,1208
IVE English ver. - photocard list-20260927T144026Z-1-001/IVE English ver. - photocard list/#wonyoung/05-hapakristin,IMG_4025.JPG,1984,1984,1178
IVE English ver. - photocard list-20260927T144026Z-1-001/IVE English ver. - photocard list/#wonyoung/05-hapakristin,IMG_4027.JPG,1984,1984,1676
IVE English ver. - photocard list-20260927T144026Z-1-001/IVE English ver. - photocard list/#wonyoung/05-hapakristin,IMG_4708.JPG,1984,1984,1273
IVE English ver. - photocard list-20260927T144026Z-1-001/IVE English ver. - photocard list/#wonyoung/06-gospheres,IMG_2349.JPG,1984,1984,1080
IVE English ver. - photocard list-20260927T144026Z-1-001/IVE English ver. - photocard list/#wonyoung/07-amuse,IMG_5486.JPG,1984,1984,1199
IVE English ver. - photocard list-20260927T144026Z-1-001/IVE English ver. - photocard list/#wonyoung/07-amuse,amuse1-eng.jpg,1984,1984,1308
IVE English ver. - photocard list-20260927T144026Z-1-001/IVE English ver. - photocard list/#wonyoung/08-eider,IMG_0128.JPG,1984,1984,1225
IVE English ver. - photocard list-20260927T144026Z-1-001/IVE English ver. - photocard list/#wonyoung/musicbank,IMG_7042.JPG,1890,1890,821
IVE English ver. - photocard list-20260927T144026Z-1-001/IVE English ver. - photocard list/#wonyoung/musicbank,IMG_8527.JPG,1890,1890,889
IVE English ver. - photocard list-20260927T144026Z-1-001/IVE English ver. - photocard list/#wonyoung/musicbank,IMG_8535.JPG,1890,1890,1151
IVE English ver. - photocard list-20260927T144026Z-1-001/IVE English ver. - photocard list/#wonyoung/musicbank,IMG_9176.JPG,1990,1990,2072
IVE English ver. - photocard list-20260927T144026Z-1-001/IVE English ver. - photocard list/#wonyoung/musicbank,IMG_9248.JPG,1890,1890,924
IVE English ver. - photocard list-20260927T144026Z-1-001/IVE English ver. - photocard list/#wonyoung/musicbank,IMG_9250.JPG,1890,1890,1199
IVE English ver. - photocard list-20260927T144026Z-1-001/IVE English ver. - photocard list/00 - all photocard,IMG_8498.JPG,1980,3697,5395
IVE English ver. - photocard list-20260927T144026Z-1-001/IVE English ver. - photocard list/00 - all photocard,IMG_8499.JPG,1980,3697,5219
IVE English ver. - photocard list-20260927T144026Z-1-001/IVE English ver. - photocard list/00 - all photocard,IMG_8500.JPG,1980,3697,5416
IVE English ver. - photocard list-20260927T144026Z-1-001/IVE English ver. - photocard list/00 - all photocard,IMG_8501.JPG,1980,3697,5192
IVE English ver. - photocard list-20260927T144026Z-1-001/IVE English ver. - photocard list/00 - all photocard,IMG_8502.JPG,1980,3697,5362
IVE English ver. - photocard list-20260927T144026Z-1-001/IVE English ver. - photocard list/00 - all photocard,IMG_8504.JPG,1980,3697,5553
IVE English ver. - photocard list-20260927T144026Z-1-001/IVE English ver. - photocard list/01 - eleven,01-gaeul.JPG,1996,1996,1506
IVE English ver. - photocard list-20260927T144026Z-1-001/IVE English ver. - photocard list/01 - eleven,02-yujin.JPG,1996,1996,1535
IVE English ver. - photocard list-20260927T144026Z-1-001/IVE English ver. - photocard list/01 - eleven,03-rei.JPG,1996,1996,1423
IVE English ver. - photocard list-20260927T144026Z-1-001/IVE English ver. - photocard list/01 - eleven,04-wonyoung.JPG,1996,1996,1528
IVE English ver. - photocard list-20260927T144026Z-1-001/IVE English ver. - photocard list/01 - eleven,05-liz.JPG,1996,1996,1494
IVE English ver. - photocard list-20260927T144026Z-1-001/IVE English ver. - photocard list/01 - eleven,06-leeseo.JPG,1996,1996,1543
IVE English ver. - photocard list-20260927T144026Z-1-001/IVE English ver. - photocard list/01 - eleven,07-ive.JPG,3898,4724,7038
IVE English ver. - photocard list-20260927T144026Z-1-001/IVE English ver. - photocard list/01 - eleven,09-special.JPG,1476,1476,841
IVE English ver. - photocard list-20260927T144026Z-1-001/IVE English ver. - photocard list/01 - eleven,10-daum cafe.JPG,1890,1890,1141
IVE English ver. - photocard list-20260927T144026Z-1-001/IVE English ver. - photocard list/01 - eleven,11-album contents.JPG,2067,2067,1497
IVE English ver. - photocard list-20260927T144026Z-1-001/IVE English ver. - photocard list/01 - eleven,12-starship.JPG,1890,1890,1212
IVE English ver. - photocard list-20260927T144026Z-1-001/IVE English ver. - photocard list/01 - eleven,13-ktown4u.JPG,1890,1890,1228
IVE English ver. - photocard list-20260927T144026Z-1-001/IVE English ver. - photocard list/01 - eleven,14-sw1.JPG,1890,1890,1275
IVE English ver. - photocard list-20260927T144026Z-1-001/IVE English ver. - photocard list/01 - eleven,15-yzy1.JPG,1890,1890,957
IVE English ver. - photocard list-20260927T144026Z-1-001/IVE English ver. - photocard list/01 - eleven,16-yzy2.JPG,1890,1890,1376
IVE English ver. - photocard list-20260927T144026Z-1-001/IVE English ver. - photocard list/01 - eleven,17-tower record.JPG,1890,1890,1176
IVE English ver. - photocard list-20260927T144026Z-1-001/IVE English ver. - photocard list/01 - eleven,18-shopee.JPG,1890,1890,1163
IVE English ver. - photocard list-20260927T144026Z-1-001/IVE English ver. - photocard list/01 - eleven,19-sw2.JPG,1890,1890,1258
IVE English ver. - photocard list-20260927T144026Z-1-001/IVE English ver. - photocard list/01 - eleven,20-wd2.JPG,1890,1890,1321
IVE English ver. - photocard list-20260927T144026Z-1-001/IVE English ver. - photocard list/01 - eleven,21-mmt.JPG,1890,1890,1307
IVE English ver. - photocard list-20260927T144026Z-1-001/IVE English ver. - photocard list/01 - eleven,22-ms1.JPG,1890,1890,1229
IVE English ver. - photocard list-20260927T144026Z-1-001/IVE English ver. - photocard list/01 - eleven,23-el1.JPG,1890,1890,1109
IVE English ver. - photocard list-20260927T144026Z-1-001/IVE English ver. - photocard list/01 - eleven,24-wd3.JPG,1890,1890,1213
IVE English ver. - photocard list-20260927T144026Z-1-001/IVE English ver. - photocard list/01 - eleven,25-ww.JPG,1890,1890,1251
IVE English ver. - photocard list-20260927T144026Z-1-001/IVE English ver. - photocard list/01 - eleven,26-sw3.JPG,1890,1890,1285
IVE English ver. - photocard list-20260927T144026Z-1-001/IVE English ver. - photocard list/01 - eleven,27-el2.JPG,1890,1890,1209
IVE English ver. - photocard list-20260927T144026Z-1-001/IVE English ver. - photocard list/01 - eleven,28-jm.JPG,1890,1890,1199
IVE English ver. - photocard list-20260927T144026Z-1-001/IVE English ver. - photocard list/01 - eleven,29-ms2.JPG,1890,1890,1275
IVE English ver. - photocard list-20260927T144026Z-1-001/IVE English ver. - photocard list/02 - love dive,01.JPG,2339,2339,2230
IVE English ver. - photocard list-20260927T144026Z-1-001/IVE English ver. - photocard list/02 - love dive,02.JPG,2339,2339,2101
IVE English ver. - photocard list-20260927T144026Z-1-001/IVE English ver. - photocard list/02 - love dive,03.JPG,2339,2339,2174
IVE English ver. - photocard list-20260927T144026Z-1-001/IVE English ver. - photocard list/02 - love dive,04.JPG,2339,2339,2199
IVE English ver. - photocard list-20260927T144026Z-1-001/IVE English ver. - photocard list/02 - love dive,05.JPG,2339,2339,2253
IVE English ver. - photocard list-20260927T144026Z-1-001/IVE English ver. - photocard list/02 - love dive,06.JPG,2339,2339,2233
IVE English ver. - photocard list-20260927T144026Z-1-001/IVE English ver. - photocard list/02 - love dive,07-all.JPG,3803,5705,9513
IVE English ver. - photocard list-20260927T144026Z-1-001/IVE English ver. - photocard list/02 - love dive,08-fansign.JPG,1890,1890,1396
IVE English ver. - photocard list-20260927T144026Z-1-001/IVE English ver. - photocard list/02 - love dive,09-daum cafe.jpg,1890,1890,1275
IVE English ver. - photocard list-20260927T144026Z-1-001/IVE English ver. - photocard list/02 - love dive,10-album contents.JPG,1996,1996,1592
IVE English ver. - photocard list-20260927T144026Z-1-001/IVE English ver. - photocard list/02 - love dive,11-jewel.JPG,1996,1996,1194
IVE English ver. - photocard list-20260927T144026Z-1-001/IVE English ver. - photocard list/02 - love dive,12-group.JPG,1996,1996,1306
IVE English ver. - photocard list-20260927T144026Z-1-001/IVE English ver. - photocard list/02 - love dive,13-jewel heart.JPG,1890,1890,1285
IVE English ver. - photocard list-20260927T144026Z-1-001/IVE English ver. - photocard list/02 - love dive,14-jewel mv.JPG,1890,1890,1331
IVE English ver. - photocard list-20260927T144026Z-1-001/IVE English ver. - photocard list/02 - love dive,15-starship square.JPG,1890,1890,1252
IVE English ver. - photocard list-20260927T144026Z-1-001/IVE English ver. - photocard list/02 - love dive,16-ktown4u.JPG,1890,1890,1315
IVE English ver. - photocard list-20260927T144026Z-1-001/IVE English ver. - photocard list/02 - love dive,17-tower record.JPG,1890,1890,1067
IVE English ver. - photocard list-20260927T144026Z-1-001/IVE English ver. - photocard list/02 - love dive,18-mmt.JPG,1890,1890,1200
IVE English ver. - photocard list-20260927T144026Z-1-001/IVE English ver. - photocard list/02 - love dive,19-soundwave1.JPG,1890,1890,1219
IVE English ver. - photocard list-20260927T144026Z-1-001/IVE English ver. - photocard list/02 - love dive,20-apple music.JPG,1890,1890,1317
IVE English ver. - photocard list-20260927T144026Z-1-001/IVE English ver. - photocard list/02 - love dive,21-withmuu lucky.JPG,1890,1890,1368
IVE English ver. - photocard list-20260927T144026Z-1-001/IVE English ver. - photocard list/02 - love dive,22-namil 1.JPG,1890,1890,1415
IVE English ver. - photocard list-20260927T144026Z-1-001/IVE English ver. - photocard list/02 - love dive,23-withmuu 2.JPG,1890,1890,1190
IVE English ver. - photocard list-20260927T144026Z-1-001/IVE English ver. - photocard list/02 - love dive,24-musickorea.JPG,1890,1890,1266
IVE English ver. - photocard list-20260927T144026Z-1-001/IVE English ver. - photocard list/02 - love dive,25-soundwave2.JPG,1890,1890,1216
IVE English ver. - photocard list-20260927T144026Z-1-001/IVE English ver. - photocard list/02 - love dive,26-beatroad.JPG,1890,1890,1448
IVE English ver. - photocard list-20260927T144026Z-1-001/IVE English ver. - photocard list/02 - love dive,27-soundwave3.JPG,1890,1890,1419
IVE English ver. - photocard list-20260927T144026Z-1-001/IVE English ver. - photocard list/02 - love dive,28-ktown4u2.JPG,1890,1890,1204
IVE English ver. - photocard list-20260927T144026Z-1-001/IVE English ver. - photocard list/02 - love dive,29-namil2.JPG,1890,1890,1352
IVE English ver. - photocard list-20260927T144026Z-1-001/IVE English ver. - photocard list/02 - love dive,30-withmuu3.JPG,1890,1890,1313
IVE English ver. - photocard list-20260927T144026Z-1-001/IVE English ver. - photocard list/02 - love dive,31-mokketshop.JPG,1890,1890,1398
IVE English ver. - photocard list-20260927T144026Z-1-001/IVE English ver. - photocard list/02 - love dive,32-soundwave4.jpg,1890,1890,1233
IVE English ver. - photocard list-20260927T144026Z-1-001/IVE English ver. - photocard list/03 - after like,01-gaeul.JPG,1980,1980,1904
IVE English ver. - photocard list-20260927T144026Z-1-001/IVE English ver. - photocard list/03 - after like,02-yujin.JPG,1980,1980,1864
IVE English ver. - photocard list-20260927T144026Z-1-001/IVE English ver. - photocard list/03 - after like,03-rei.JPG,1980,1980,1805
IVE English ver. - photocard list-20260927T144026Z-1-001/IVE English ver. - photocard list/03 - after like,04-wonyoung.JPG,1980,1980,1872
IVE English ver. - photocard list-20260927T144026Z-1-001/IVE English ver. - photocard list/03 - after like,05-liz.JPG,1980,1980,1941
IVE English ver. - photocard list-20260927T144026Z-1-001/IVE English ver. - photocard list/03 - after like,06-leeseo.JPG,1980,1980,1997
IVE English ver. - photocard list-20260927T144026Z-1-001/IVE English ver. - photocard list/03 - after like,07-all.JPG,3803,6591,10305
IVE English ver. - photocard list-20260927T144026Z-1-001/IVE English ver. - photocard list/03 - after like,08-fansign.JPG,1890,1890,1238
IVE English ver. - photocard list-20260927T144026Z-1-001/IVE English ver. - photocard list/03 - after like,09-pb.JPG,1996,1996,1530
IVE English ver. - photocard list-20260927T144026Z-1-001/IVE English ver. - photocard list/03 - after like,10-jewel.JPG,1996,1996,1075
IVE English ver. - photocard list-20260927T144026Z-1-001/IVE English ver. - photocard list/03 - after like,11-daumcafe.JPG,1890,1890,1175
IVE English ver. - photocard list-20260927T144026Z-1-001/IVE English ver. - photocard list/03 - after like,12-mk-fansign.jpg,1890,1890,963
IVE English ver. - photocard list-20260927T144026Z-1-001/IVE English ver. - photocard list/03 - after like,13-openbroadcast 1.JPG,1890,1890,1269
IVE English ver. - photocard list-20260927T144026Z-1-001/IVE English ver. - photocard list/03 - after like,14-openbroadcast 2.JPG,1890,1890,1221
IVE English ver. - photocard list-20260927T144026Z-1-001/IVE English ver. - photocard list/03 - after like,15-openbroadcast 3.JPG,1890,1890,1177
IVE English ver. - photocard list-20260927T144026Z-1-001/IVE English ver. - photocard list/03 - after like,16-openbroadcast 4.JPG,1890,1890,1397
IVE English ver. - photocard list-20260927T144026Z-1-001/IVE English ver. - photocard list/03 - after like,17-ver1.JPG,1890,1890,1234
IVE English ver. - photocard list-20260927T144026Z-1-001/IVE English ver. - photocard list/03 - after like,18-ver2.JPG,1890,1890,1177
IVE English ver. - photocard list-20260927T144026Z-1-001/IVE English ver. - photocard list/03 - after like,19-ver3.JPG,1890,1890,1211
IVE English ver. - photocard list-20260927T144026Z-1-001/IVE English ver. - photocard list/03 - after like,20-jewel.JPG,1890,1890,989
IVE English ver. - photocard list-20260927T144026Z-1-001/IVE English ver. - photocard list/03 - after like,21-jewel6.JPG,1890,1890,1158
IVE English ver. - photocard list-20260927T144026Z-1-001/IVE English ver. - photocard list/03 - after like,22-jewel9.JPG,1890,1890,964
IVE English ver. - photocard list-20260927T144026Z-1-001/IVE English ver. - photocard list/03 - after like,23-starship.JPG,1890,1890,1073
IVE English ver. - photocard list-20260927T144026Z-1-001/IVE English ver. - photocard list/03 - after like,24-ktown4u.JPG,1890,1890,971
IVE English ver. - photocard list-20260927T144026Z-1-001/IVE English ver. - photocard list/03 - after like,25-bandina.JPG,1890,1890,1155
IVE English ver. - photocard list-20260927T144026Z-1-001/IVE English ver. - photocard list/03 - after like,26-mmt.JPG,1890,1890,1232
IVE English ver. - photocard list-20260927T144026Z-1-001/IVE English ver. - photocard list/03 - after like,27-withmuu.jpg,1890,1890,1008
IVE English ver. - photocard list-20260927T144026Z-1-001/IVE English ver. - photocard list/03 - after like,28-soundwave1.JPG,1890,1890,1147
IVE English ver. - photocard list-20260927T144026Z-1-001/IVE English ver. - photocard list/03 - after like,29-navershoppinglive.JPG,1890,1890,1270
IVE English ver. - photocard list-20260927T144026Z-1-001/IVE English ver. - photocard list/03 - after like,30-swluckydraw.JPG,1890,1890,1301
IVE English ver. - photocard list-20260927T144026Z-1-001/IVE English ver. - photocard list/03 - after like,31-wmluckydraw.JPG,1890,1890,1092
IVE English ver. - photocard list-20260927T144026Z-1-001/IVE English ver. - photocard list/03 - after like,32-towerrecord.JPG,1890,1890,922
IVE English ver. - photocard list-20260927T144026Z-1-001/IVE English ver. - photocard list/03 - after like,33-beatroad.JPG,1890,1890,1194
IVE English ver. - photocard list-20260927T144026Z-1-001/IVE English ver. - photocard list/03 - after like,34-applemusic.JPG,1890,1890,969
IVE English ver. - photocard list-20260927T144026Z-1-001/IVE English ver. - photocard list/03 - after like,35-namil.JPG,1890,1890,1078
IVE English ver. - photocard list-20260927T144026Z-1-001/IVE English ver. - photocard list/03 - after like,36-mokketshop.jpg,1890,1890,1296
IVE English ver. - photocard list-20260927T144026Z-1-001/IVE English ver. - photocard list/03 - after like,37-tou.jpg,1890,1890,1012
IVE English ver. - photocard list-20260927T144026Z-1-001/IVE English ver. - photocard list/03 - after like,38-musickorea.jpg,1890,1890,1044
IVE English ver. - photocard list-20260927T144026Z-1-001/IVE English ver. - photocard list/03 - after like,39-soundwave3.JPG,1890,1890,1176
IVE English ver. - photocard list-20260927T144026Z-1-001/IVE English ver. - photocard list/03 - after like,40-starriver.JPG,1890,1890,927
IVE English ver. - photocard list-20260927T144026Z-1-001/IVE English ver. - photocard list/03 - after like,41-withmuu3.JPG,1890,1890,1241
IVE English ver. - photocard list-20260927T144026Z-1-001/IVE English ver. - photocard list/03 - after like,42-soundwave4.JPG,1890,1890,1200
IVE English ver. - photocard list-20260927T144026Z-1-001/IVE English ver. - photocard list/04 - IveIVE,25-6set-eng.jpg,1890,1890,1244
IVE English ver. - photocard list-20260927T144026Z-1-001/IVE English ver. - photocard list/04 - IveIVE,27-mmt-eng.jpg,1890,1890,1323
IVE English ver. - photocard list-20260927T144026Z-1-001/IVE English ver. - photocard list/04 - IveIVE,39-wm2-eng(2).jpg,1890,1890,1164
IVE English ver. - photocard list-20260927T144026Z-1-001/IVE English ver. - photocard list/04 - IveIVE,45-sw4-eng.jpg,1890,1890,1023
IVE English ver. - photocard list-20260927T144026Z-1-001/IVE English ver. - photocard list/04 - IveIVE,IMG_0041.JPG,1890,1890,1202
IVE English ver. - photocard list-20260927T144026Z-1-001/IVE English ver. - photocard list/04 - IveIVE,IMG_1249.JPG,1996,1996,1468
IVE English ver. - photocard list-20260927T144026Z-1-001/IVE English ver. - photocard list/04 - IveIVE,IMG_1259.JPG,1890,1890,1087
IVE English ver. - photocard list-20260927T144026Z-1-001/IVE English ver. - photocard list/04 - IveIVE,IMG_1537.JPG,1890,1890,1165
IVE English ver. - photocard list-20260927T144026Z-1-001/IVE English ver. - photocard list/04 - IveIVE,IMG_2429.JPG,1890,1890,1157
IVE English ver. - photocard list-20260927T144026Z-1-001/IVE English ver. - photocard list/04 - IveIVE,IMG_3134.JPG,1890,1890,755
IVE English ver. - photocard list-20260927T144026Z-1-001/IVE English ver. - photocard list/04 - IveIVE,IMG_3288.JPG,1890,2519,1929
IVE English ver. - photocard list-20260927T144026Z-1-001/IVE English ver. - photocard list/04 - IveIVE,IMG_3366.JPG,1890,1890,1349
IVE English ver. - photocard list-20260927T144026Z-1-001/IVE English ver. - photocard list/04 - IveIVE,IMG_3407.JPG,1890,1890,1360
IVE English ver. - photocard list-20260927T144026Z-1-001/IVE English ver. - photocard list/04 - IveIVE,IMG_3439.JPG,1890,1890,1239
IVE English ver. - photocard list-20260927T144026Z-1-001/IVE English ver. - photocard list/04 - IveIVE,IMG_3511.JPG,1890,2519,1926
IVE English ver. - photocard list-20260927T144026Z-1-001/IVE English ver. - photocard list/04 - IveIVE,IMG_3519.JPG,1980,1980,1977
IVE English ver. - photocard list-20260927T144026Z-1-001/IVE English ver. - photocard list/04 - IveIVE,IMG_3520.JPG,1980,1980,1945
IVE English ver. - photocard list-20260927T144026Z-1-001/IVE English ver. - photocard list/04 - IveIVE,IMG_3521.JPG,1980,1980,1831
IVE English ver. - photocard list-20260927T144026Z-1-001/IVE English ver. - photocard list/04 - IveIVE,IMG_3523.JPG,1980,1980,2006
IVE English ver. - photocard list-20260927T144026Z-1-001/IVE English ver. - photocard list/04 - IveIVE,IMG_3524.JPG,1980,1980,2033
IVE English ver. - photocard list-20260927T144026Z-1-001/IVE English ver. - photocard list/04 - IveIVE,IMG_3528.JPG,1890,1890,770
IVE English ver. - photocard list-20260927T144026Z-1-001/IVE English ver. - photocard list/04 - IveIVE,IMG_3531.JPG,1980,1980,2000
IVE English ver. - photocard list-20260927T144026Z-1-001/IVE English ver. - photocard list/04 - IveIVE,IMG_3533.JPG,1890,1890,1301
IVE English ver. - photocard list-20260927T144026Z-1-001/IVE English ver. - photocard list/04 - IveIVE,IMG_3535.JPG,3803,6850,10469
IVE English ver. - photocard list-20260927T144026Z-1-001/IVE English ver. - photocard list/04 - IveIVE,IMG_3537.JPG,1890,1890,1114
IVE English ver. - photocard list-20260927T144026Z-1-001/IVE English ver. - photocard list/04 - IveIVE,IMG_5302.JPG,1996,1996,1120
IVE English ver. - photocard list-20260927T144026Z-1-001/IVE English ver. - photocard list/04 - IveIVE,IMG_5314.JPG,1996,1996,1462
IVE English ver. - photocard list-20260927T144026Z-1-001/IVE English ver. - photocard list/04 - IveIVE,IMG_5358.JPG,1890,1890,1214
IVE English ver. - photocard list-20260927T144026Z-1-001/IVE English ver. - photocard list/04 - IveIVE,IMG_5452.JPG,1890,1890,1292
IVE English ver. - photocard list-20260927T144026Z-1-001/IVE English ver. - photocard list/04 - IveIVE,IMG_5881.JPG,1890,1890,1173
IVE English ver. - photocard list-20260927T144026Z-1-001/IVE English ver. - photocard list/04 - IveIVE,IMG_5949.JPG,1890,1890,1149
IVE English ver. - photocard list-20260927T144026Z-1-001/IVE English ver. - photocard list/04 - IveIVE,IMG_5983.JPG,1890,1890,1347
IVE English ver. - photocard list-20260927T144026Z-1-001/IVE English ver. - photocard list/04 - IveIVE,IMG_6339.JPG,1890,1890,971
IVE English ver. - photocard list-20260927T144026Z-1-001/IVE English ver. - photocard list/04 - IveIVE,IMG_6357.JPG,1890,1890,1322
IVE English ver. - photocard list-20260927T144026Z-1-001/IVE English ver. - photocard list/04 - IveIVE,IMG_7504.JPG,1890,1890,1415
IVE English ver. - photocard list-20260927T144026Z-1-001/IVE English ver. - photocard list/04 - IveIVE,IMG_7506.JPG,1890,2362,1848
IVE English ver. - photocard list-20260927T144026Z-1-001/IVE English ver. - photocard list/04 - IveIVE,IMG_7827.JPG,1890,2362,1182
IVE English ver. - photocard list-20260927T144026Z-1-001/IVE English ver. - photocard list/04 - IveIVE,IMG_7828.JPG,1890,2362,1269
IVE English ver. - photocard list-20260927T144026Z-1-001/IVE English ver. - photocard list/04 - IveIVE,IMG_8400.JPG,1890,1890,1358
IVE English ver. - photocard list-20260927T144026Z-1-001/IVE English ver. - photocard list/04 - IveIVE,IMG_9901.JPG,1890,1890,1224
IVE English ver. - photocard list-20260927T144026Z-1-001/IVE English ver. - photocard list/05 - japan eleven,01.JPG,1890,1890,1753
IVE English ver. - photocard list-20260927T144026Z-1-001/IVE English ver. - photocard list/05 - japan eleven,02.JPG,1890,1890,1804
IVE English ver. - photocard list-20260927T144026Z-1-001/IVE English ver. - photocard list/05 - japan eleven,03.JPG,1890,1890,1712
IVE English ver. - photocard list-20260927T144026Z-1-001/IVE English ver. - photocard list/05 - japan eleven,04.JPG,1890,1890,1820
IVE English ver. - photocard list-20260927T144026Z-1-001/IVE English ver. - photocard list/05 - japan eleven,05.JPG,1890,1890,1867
IVE English ver. - photocard list-20260927T144026Z-1-001/IVE English ver. - photocard list/05 - japan eleven,06.JPG,1890,1890,1861
IVE English ver. - photocard list-20260927T144026Z-1-001/IVE English ver. - photocard list/05 - japan eleven,07.JPG,3307,3024,5321
IVE English ver. - photocard list-20260927T144026Z-1-001/IVE English ver. - photocard list/05 - japan eleven,08-unit.JPG,1890,1890,2042
IVE English ver. - photocard list-20260927T144026Z-1-001/IVE English ver. - photocard list/05 - japan eleven,09-album photocard.JPG,1890,1890,1933
IVE English ver. - photocard list-20260927T144026Z-1-001/IVE English ver. - photocard list/05 - japan eleven,10-i盤.JPG,1890,1890,1679
IVE English ver. - photocard list-20260927T144026Z-1-001/IVE English ver. - photocard list/05 - japan eleven,11-v盤.JPG,1890,1890,1692
IVE English ver. - photocard list-20260927T144026Z-1-001/IVE English ver. - photocard list/05 - japan eleven,12-e盤.JPG,1890,1890,1670
IVE English ver. - photocard list-20260927T144026Z-1-001/IVE English ver. - photocard list/05 - japan eleven,13-fc盤.JPG,1890,1890,1522
IVE English ver. - photocard list-20260927T144026Z-1-001/IVE English ver. - photocard list/05 - japan eleven,14-id card-towerrecord.JPG,1890,1890,1467
IVE English ver. - photocard list-20260927T144026Z-1-001/IVE English ver. - photocard list/05 - japan eleven,15-luckydraw-towerrecord.JPG,1890,1890,1450
IVE English ver. - photocard list-20260927T144026Z-1-001/IVE English ver. - photocard list/05 - japan eleven,16-flyer-towerrecord.JPG,1890,1890,1612
IVE English ver. - photocard list-20260927T144026Z-1-001/IVE English ver. - photocard list/05 - japan eleven,17-hmv-bookmark.JPG,1890,1890,1444
IVE English ver. - photocard list-20260927T144026Z-1-001/IVE English ver. - photocard list/05 - japan eleven,18-tsutaya-postcard.JPG,1890,1890,1545
IVE English ver. - photocard list-20260927T144026Z-1-001/IVE English ver. - photocard list/05 - japan eleven,19-rakuten-clear file.JPG,1890,1890,1660
IVE English ver. - photocard list-20260927T144026Z-1-001/IVE English ver. - photocard list/05 - japan eleven,20-7net-sticker.JPG,1890,1890,1539
IVE English ver. - photocard list-20260927T144026Z-1-001/IVE English ver. - photocard list/05 - japan eleven,21-amazon.JPG,1890,1890,1595
IVE English ver. - photocard list-20260927T144026Z-1-001/IVE English ver. - photocard list/05 - japan eleven,22-shibuya sticker.JPG,1890,1890,1604
IVE English ver. - photocard list-20260927T144026Z-1-001/IVE English ver. - photocard list/05 - japan eleven,23-shibuya-clear coaster.JPG,1890,1890,1742
IVE English ver. - photocard list-20260927T144026Z-1-001/IVE English ver. - photocard list/05 - japan eleven,24-soundwave.JPG,1890,1890,1607
IVE English ver. - photocard list-20260927T144026Z-1-001/IVE English ver. - photocard list/05 - japan eleven,25-お見送り会.JPG,1890,1890,1441
IVE English ver. - photocard list-20260927T144026Z-1-001/IVE English ver. - photocard list/06 - japan wave,01-gaeul.JPG,1984,1984,1719
IVE English ver. - photocard list-20260927T144026Z-1-001/IVE English ver. - photocard list/06 - japan wave,02-yujin.JPG,1984,1984,1725
IVE English ver. - photocard list-20260927T144026Z-1-001/IVE English ver. - photocard list/06 - japan wave,03-rei.JPG,1984,1984,1703
IVE English ver. - photocard list-20260927T144026Z-1-001/IVE English ver. - photocard list/06 - japan wave,04-wonyoung.JPG,1984,1984,1765
IVE English ver. - photocard list-20260927T144026Z-1-001/IVE English ver. - photocard list/06 - japan wave,05-liz.JPG,1984,1984,1760
IVE English ver. - photocard list-20260927T144026Z-1-001/IVE English ver. - photocard list/06 - japan wave,06-leeseo.JPG,1984,1984,1774
IVE English ver. - photocard list-20260927T144026Z-1-001/IVE English ver. - photocard list/06 - japan wave,07-allphotocard.JPG,2728,2728,3607
IVE English ver. - photocard list-20260927T144026Z-1-001/IVE English ver. - photocard list/06 - japan wave,08-all.JPG,3295,3295,5587
IVE English ver. - photocard list-20260927T144026Z-1-001/IVE English ver. - photocard list/06 - japan wave,09-allphotocard.JPG,1805,3906,3465
IVE English ver. - photocard list-20260927T144026Z-1-001/IVE English ver. - photocard list/06 - japan wave,10-album photocard.JPG,1826,1826,1443
IVE English ver. - photocard list-20260927T144026Z-1-001/IVE English ver. - photocard list/06 - japan wave,11-AB.JPG,1772,1772,1147
IVE English ver. - photocard list-20260927T144026Z-1-001/IVE English ver. - photocard list/06 - japan wave,12-C.JPG,1772,1772,1129
IVE English ver. - photocard list-20260927T144026Z-1-001/IVE English ver. - photocard list/06 - japan wave,13-normal.JPG,1772,1772,1284
IVE English ver. - photocard list-20260927T144026Z-1-001/IVE English ver. - photocard list/06 - japan wave,14-dive.JPG,1772,1772,1265
IVE English ver. - photocard list-20260927T144026Z-1-001/IVE English ver. - photocard list/06 - japan wave,15-sonymusic.JPG,1772,1772,1196
IVE English ver. - photocard list-20260927T144026Z-1-001/IVE English ver. - photocard list/06 - japan wave,16-全国cd特典.JPG,1772,1772,1223
IVE English ver. - photocard list-20260927T144026Z-1-001/IVE English ver. - photocard list/06 - japan wave,17-抽選会.JPG,1772,1772,1105
IVE English ver. - photocard list-20260927T144026Z-1-001/IVE English ver. - photocard list/06 - japan wave,18-soundwave.JPG,1772,1772,1114
IVE English ver. - photocard list-20260927T144026Z-1-001/IVE English ver. - photocard list/06 - japan wave,19-hitouch.JPG,1890,1890,1440
IVE English ver. - photocard list-20260927T144026Z-1-001/IVE English ver. - photocard list/06 - japan wave,20-towerrecords.JPG,1772,1772,1266
IVE English ver. - photocard list-20260927T144026Z-1-001/IVE English ver. - photocard list/06 - japan wave,21-hmv.JPG,1772,1772,1281
IVE English ver. - photocard list-20260927T144026Z-1-001/IVE English ver. - photocard list/07 - 2022ssgt,01-gaeul.JPG,1890,1890,1103
IVE English ver. - photocard list-20260927T144026Z-1-001/IVE English ver. - photocard list/07 - 2022ssgt,02-yujin.JPG,1890,1890,1119
IVE English ver. - photocard list-20260927T144026Z-1-001/IVE English ver. - photocard list/07 - 2022ssgt,03-rei.JPG,1890,1890,1062
IVE English ver. - photocard list-20260927T144026Z-1-001/IVE English ver. - photocard list/07 - 2022ssgt,04-wonyoung.JPG,1890,1890,1141
IVE English ver. - photocard list-20260927T144026Z-1-001/IVE English ver. - photocard list/07 - 2022ssgt,05-liz.JPG,1890,1890,1095
IVE English ver. - photocard list-20260927T144026Z-1-001/IVE English ver. - photocard list/07 - 2022ssgt,06-leeseo.JPG,1890,1890,1099
IVE English ver. - photocard list-20260927T144026Z-1-001/IVE English ver. - photocard list/07 - 2022ssgt,07-all.JPG,2598,3898,3938
IVE English ver. - photocard list-20260927T144026Z-1-001/IVE English ver. - photocard list/07 - 2022ssgt,08-photocard.JPG,1890,1890,1324
IVE English ver. - photocard list-20260927T144026Z-1-001/IVE English ver. - photocard list/07 - 2022ssgt,09-polaroid.JPG,1890,1890,993
IVE English ver. - photocard list-20260927T144026Z-1-001/IVE English ver. - photocard list/07 - 2022ssgt,10-bookmark.JPG,1890,1890,817
IVE English ver. - photocard list-20260927T144026Z-1-001/IVE English ver. - photocard list/07 - 2022ssgt,11-postcard.JPG,1890,1890,1087
IVE English ver. - photocard list-20260927T144026Z-1-001/IVE English ver. - photocard list/07 - 2022ssgt,12-starship square.JPG,1890,1890,1043
IVE English ver. - photocard list-20260927T144026Z-1-001/IVE English ver. - photocard list/07 - 2022ssgt,13-synnara.JPG,1890,1890,980
IVE English ver. - photocard list-20260927T144026Z-1-001/IVE English ver. - photocard list/07 - 2022ssgt,14-soundwave.JPG,1890,1890,1112
IVE English ver. - photocard list-20260927T144026Z-1-001/IVE English ver. - photocard list/07 - 2022ssgt,15-soundcontents.JPG,1890,1890,1303
IVE English ver. - photocard list-20260927T144026Z-1-001/IVE English ver. - photocard list/08 - 2023ssgt,01.JPG,1890,1890,1394
IVE English ver. - photocard list-20260927T144026Z-1-001/IVE English ver. - photocard list/08 - 2023ssgt,02.JPG,1890,1890,1425
IVE English ver. - photocard list-20260927T144026Z-1-001/IVE English ver. - photocard list/08 - 2023ssgt,03.JPG,1890,1890,1379
IVE English ver. - photocard list-20260927T144026Z-1-001/IVE English ver. - photocard list/08 - 2023ssgt,04.JPG,1890,1890,1370
IVE English ver. - photocard list-20260927T144026Z-1-001/IVE English ver. - photocard list/08 - 2023ssgt,05.JPG,1890,1890,1359
IVE English ver. - photocard list-20260927T144026Z-1-001/IVE English ver. - photocard list/08 - 2023ssgt,06.JPG,1890,1890,1453
IVE English ver. - photocard list-20260927T144026Z-1-001/IVE English ver. - photocard list/08 - 2023ssgt,07-all.JPG,2598,4619,5419
IVE English ver. - photocard list-20260927T144026Z-1-001/IVE English ver. - photocard list/08 - 2023ssgt,08-photocard.JPG,2598,2598,3240
IVE English ver. - photocard list-20260927T144026Z-1-001/IVE English ver. - photocard list/08 - 2023ssgt,09-box photocard.JPG,1890,1890,1422
IVE English ver. - photocard list-20260927T144026Z-1-001/IVE English ver. - photocard list/08 - 2023ssgt,10-id photo.JPG,1890,1890,1017
IVE English ver. - photocard list-20260927T144026Z-1-001/IVE English ver. - photocard list/08 - 2023ssgt,11-club application.JPG,1890,1890,1297
IVE English ver. - photocard list-20260927T144026Z-1-001/IVE English ver. - photocard list/08 - 2023ssgt,12-poster calendar.JPG,1890,1890,1579
IVE English ver. - photocard list-20260927T144026Z-1-001/IVE English ver. - photocard list/08 - 2023ssgt,13-starship.JPG,1890,1890,1344
IVE English ver. - photocard list-20260927T144026Z-1-001/IVE English ver. - photocard list/08 - 2023ssgt,14-ktown4u.JPG,1890,1890,1434
IVE English ver. - photocard list-20260927T144026Z-1-001/IVE English ver. - photocard list/08 - 2023ssgt,15-synnara.JPG,1890,1890,1529
IVE English ver. - photocard list-20260927T144026Z-1-001/IVE English ver. - photocard list/08 - 2023ssgt,16-sw photocard.JPG,1890,1890,1588
IVE English ver. - photocard list-20260927T144026Z-1-001/IVE English ver. - photocard list/08 - 2023ssgt,17-sw postcard.JPG,1890,1890,1391
IVE English ver. - photocard list-20260927T144026Z-1-001/IVE English ver. - photocard list/09 - fancon,01-gaeul.JPG,1890,2520,2074
IVE English ver. - photocard list-20260927T144026Z-1-001/IVE English ver. - photocard list/09 - fancon,02-yujin.JPG,1890,2520,2129
IVE English ver. - photocard list-20260927T144026Z-1-001/IVE English ver. - photocard list/09 - fancon,03-rei.JPG,1890,2520,2160
IVE English ver. - photocard list-20260927T144026Z-1-001/IVE English ver. - photocard list/09 - fancon,04-wonyoung.JPG,1890,2520,2334
IVE English ver. - photocard list-20260927T144026Z-1-001/IVE English ver. - photocard list/09 - fancon,05-liz.JPG,1890,2520,2166
IVE English ver. - photocard list-20260927T144026Z-1-001/IVE English ver. - photocard list/09 - fancon,06-leeseo.JPG,1890,2520,2122
IVE English ver. - photocard list-20260927T144026Z-1-001/IVE English ver. - photocard list/09 - fancon,07-all.JPG,3307,3307,5857
IVE English ver. - photocard list-20260927T144026Z-1-001/IVE English ver. - photocard list/09 - fancon,08-korea photocard.JPG,1890,2519,2126
IVE English ver. - photocard list-20260927T144026Z-1-001/IVE English ver. - photocard list/09 - fancon,09-Japan photocard.JPG,1890,1890,1638
IVE English ver. - photocard list-20260927T144026Z-1-001/IVE English ver. - photocard list/09 - fancon,10-corsage.JPG,1890,1890,1387
IVE English ver. - photocard list-20260927T144026Z-1-001/IVE English ver. - photocard list/09 - fancon,11-tiara.JPG,1890,1890,1467
IVE English ver. - photocard list-20260927T144026Z-1-001/IVE English ver. - photocard list/09 - fancon,12-1st dive.JPG,1890,1890,1562
IVE English ver. - photocard list-20260927T144026Z-1-001/IVE English ver. - photocard list/09 - fancon,13-deco set.JPG,1890,1890,1677
IVE English ver. - photocard list-20260927T144026Z-1-001/IVE English ver. - photocard list/09 - fancon,14-binder.JPG,1890,1890,1376
IVE English ver. - photocard list-20260927T144026Z-1-001/IVE English ver. - photocard list/09 - fancon,15-holder.JPG,1890,1890,1413
IVE English ver. - photocard list-20260927T144026Z-1-001/IVE English ver. - photocard list/09 - fancon,16-postcard.JPG,1890,1890,1579
IVE English ver. - photocard list-20260927T144026Z-1-001/IVE English ver. - photocard list/09 - fancon,17-poster.JPG,1890,1890,1600
IVE English ver. - photocard list-20260927T144026Z-1-001/IVE English ver. - photocard list/09 - fancon,18-ticket.JPG,1890,1890,1257
IVE English ver. - photocard list-20260927T144026Z-1-001/IVE English ver. - photocard list/09 - fancon,19-acrylic kit.JPG,1890,1890,1147
IVE English ver. - photocard list-20260927T144026Z-1-001/IVE English ver. - photocard list/09 - fancon,20-wappen pin button.JPG,1890,1890,1029
IVE English ver. - photocard list-20260927T144026Z-1-001/IVE English ver. - photocard list/09 - fancon,21-image picket.JPG,1890,1890,1007
IVE English ver. - photocard list-20260927T144026Z-1-001/IVE English ver. - photocard list/09 - fancon,22-superstar starship.JPG,1890,1890,1573
IVE English ver. - photocard list-20260927T144026Z-1-001/IVE English ver. - photocard list/09 - fancon,23-superstar1.JPG,1890,1890,1169
IVE English ver. - photocard list-20260927T144026Z-1-001/IVE English ver. - photocard list/09 - fancon,24-superstar2.JPG,1890,1890,1098
IVE English ver. - photocard list-20260927T144026Z-1-001/IVE English ver. - photocard list/09 - fancon,25-superstar3.JPG,1890,1890,1176
IVE English ver. - photocard list-20260927T144026Z-1-001/IVE English ver. - photocard list/10 - 1st fanclub,01-all.JPG,1890,1890,1466
IVE English ver. - photocard list-20260927T144026Z-1-001/IVE English ver. - photocard list/10 - 1st fanclub,02-photocard.JPG,1890,1890,1484
IVE English ver. - photocard list-20260927T144026Z-1-001/IVE English ver. - photocard list/10 - 1st fanclub,03-poster.JPG,1890,1890,1354
IVE English ver. - photocard list-20260927T144026Z-1-001/IVE English ver. - photocard list/10 - 1st fanclub,04-gaeul.JPG,1890,1890,1362
IVE English ver. - photocard list-20260927T144026Z-1-001/IVE English ver. - photocard list/10 - 1st fanclub,05-yujin.JPG,1890,1890,1237
IVE English ver. - photocard list-20260927T144026Z-1-001/IVE English ver. - photocard list/10 - 1st fanclub,06-rei.JPG,1890,1890,1138
IVE English ver. - photocard list-20260927T144026Z-1-001/IVE English ver. - photocard list/10 - 1st fanclub,07-wonyoung.JPG,1890,1890,1369
IVE English ver. - photocard list-20260927T144026Z-1-001/IVE English ver. - photocard list/10 - 1st fanclub,08-liz.JPG,1890,1890,1493
IVE English ver. - photocard list-20260927T144026Z-1-001/IVE English ver. - photocard list/10 - 1st fanclub,09-leeseo.JPG,1890,1890,1325
IVE English ver. - photocard list-20260927T144026Z-1-001/IVE English ver. - photocard list/10 - 1st fanclub,10-jp fc.JPG,1890,1890,1190
IVE English ver. - photocard list-20260927T144026Z-1-001/IVE English ver. - photocard list/11 - pepsi,01-pepsi all.JPG,1980,2640,2653
IVE English ver. - photocard list-20260927T144026Z-1-001/IVE English ver. - photocard list/11 - pepsi,02-wonyoung all.JPG,1890,1890,1599
IVE English ver. - photocard list-20260927T144026Z-1-001/IVE English ver. - photocard list/11 - pepsi,03-leeseo all.JPG,1890,1890,1605
IVE English ver. - photocard list-20260927T144026Z-1-001/IVE English ver. - photocard list/11 - pepsi,04-photocard.JPG,1890,1890,1472
IVE English ver. - photocard list-20260927T144026Z-1-001/IVE English ver. - photocard list/11 - pepsi,05-r1.JPG,1890,1890,1354
IVE English ver. - photocard list-20260927T144026Z-1-001/IVE English ver. - photocard list/11 - pepsi,06-r2.JPG,1890,1890,1062
IVE English ver. - photocard list-20260927T144026Z-1-001/IVE English ver. - photocard list/11 - pepsi,07-r1 wonyoung.JPG,1890,1890,1351
IVE English ver. - photocard list-20260927T144026Z-1-001/IVE English ver. - photocard list/11 - pepsi,08-r1 leeseo.JPG,1890,1890,1364
IVE English ver. - photocard list-20260927T144026Z-1-001/IVE English ver. - photocard list/11 - pepsi,09-r2 wonyoung.JPG,1890,1890,1003
IVE English ver. - photocard list-20260927T144026Z-1-001/IVE English ver. - photocard list/11 - pepsi,10-r2 leeseo.JPG,1890,1890,972
IVE English ver. - photocard list-20260927T144026Z-1-001/IVE English ver. - photocard list/11 - pepsi,11-50set.JPG,1890,1890,1523
IVE English ver. - photocard list-20260927T144026Z-1-001/IVE English ver. - photocard list/11 - pepsi,12-wonyoung 50 set.JPG,1890,1890,1474
IVE English ver. - photocard list-20260927T144026Z-1-001/IVE English ver. - photocard list/11 - pepsi,13-leeseo 50 set.JPG,1890,1890,1427
IVE English ver. - photocard list-20260927T144026Z-1-001/IVE English ver. - photocard list/11 - pepsi,14-sticker.JPG,1890,1890,1795
IVE English ver. - photocard list-20260927T144026Z-1-001/IVE English ver. - photocard list/11 - pepsi,15-magnet.JPG,1890,1890,1169
IVE English ver. - photocard list-20260927T144026Z-1-001/IVE English ver. - photocard list/12 - scawaii,01-postcard.JPG,1890,1890,1263
IVE English ver. - photocard list-20260927T144026Z-1-001/IVE English ver. - photocard list/12 - scawaii,02-photocard.JPG,1890,1890,1179
IVE English ver. - photocard list-20260927T144026Z-1-001/IVE English ver. - photocard list/12 - scawaii,03-bromide.JPG,1890,1890,1207
IVE English ver. - photocard list-20260927T144026Z-1-001/IVE English ver. - photocard list/12 - scawaii,04-ive.JPG,1890,1890,1638
IVE English ver. - photocard list-20260927T144026Z-1-001/IVE English ver. - photocard list/13 - other,mbc open broadcast.JPG,1890,1890,1440
IVE English ver. - photocard list-20260927T144026Z-1-001/IVE English ver. - photocard list/13 - other,postcard.JPG,1890,1890,1147
IVE English ver. - photocard list-20260927T144026Z-1-001/IVE English ver. - photocard list/13 - other,sbs open broadcast.JPG,1890,1890,1598
IVE English ver. - photocard list-20260927T144026Z-1-001/IVE English ver. - photocard list/13 - other,unikon.JPG,1890,1890,1250
IVE English ver. - photocard list-20260927T144026Z-1-001/IVE English ver. - photocard list/13 - other,vcoloring.JPG,1890,2519,2214
IVE English ver. - photocard list-20260927T144026Z-1-001/IVE English ver. - photocard list/13 - other,vivi.JPG,1890,1890,1157
IVE English ver. - photocard list-20260927T144026Z-1-001/IVE English ver. - photocard list/13 - other,お見送り会.JPG,1890,1890,1441
IVE English ver. - photocard list-20260927T144026Z-1-001/IVE English ver. - photocard list/2024ssgt,IMG_4419.JPG,1890,1890,1429
IVE English ver. - photocard list-20260927T144026Z-1-001/IVE English ver. - photocard list/2024ssgt,IMG_4421.JPG,1890,1890,1440
IVE English ver. - photocard list-20260927T144026Z-1-001/IVE English ver. - photocard list/2024ssgt,IMG_4423.JPG,1890,1890,1434
IVE English ver. - photocard list-20260927T144026Z-1-001/IVE English ver. - photocard list/2024ssgt,IMG_4425.JPG,1890,1890,1472
IVE English ver. - photocard list-20260927T144026Z-1-001/IVE English ver. - photocard list/2024ssgt,IMG_4427.JPG,1890,1890,1407
IVE English ver. - photocard list-20260927T144026Z-1-001/IVE English ver. - photocard list/2024ssgt,IMG_4429.JPG,1890,1890,1421
IVE English ver. - photocard list-20260927T144026Z-1-001/IVE English ver. - photocard list/2024ssgt,IMG_4431.JPG,2598,3464,4184
IVE English ver. - photocard list-20260927T144026Z-1-001/IVE English ver. - photocard list/2024ssgt,IMG_4433.JPG,2598,2598,3344
IVE English ver. - photocard list-20260927T144026Z-1-001/IVE English ver. - photocard list/2024ssgt,IMG_4435.JPG,2407,2407,2658
IVE English ver. - photocard list-20260927T144026Z-1-001/IVE English ver. - photocard list/2024ssgt,IMG_4437.JPG,1890,1890,1314
IVE English ver. - photocard list-20260927T144026Z-1-001/IVE English ver. - photocard list/2024ssgt,IMG_4439.JPG,1890,1890,1513
IVE English ver. - photocard list-20260927T144026Z-1-001/IVE English ver. - photocard list/2024ssgt,IMG_4441.JPG,1890,1890,1385
IVE English ver. - photocard list-20260927T144026Z-1-001/IVE English ver. - photocard list/2024ssgt,IMG_4443.JPG,1890,1890,1415
IVE English ver. - photocard list-20260927T144026Z-1-001/IVE English ver. - photocard list/2024ssgt,IMG_4445.JPG,1890,1890,1467
IVE English ver. - photocard list-20260927T144026Z-1-001/IVE English ver. - photocard list/2024ssgt,IMG_4447.JPG,1890,1890,1310
IVE English ver. - photocard list-20260927T144026Z-1-001/IVE English ver. - photocard list/2024ssgt,IMG_4449.JPG,1890,1890,1198
IVE English ver. - photocard list-20260927T144026Z-1-001/IVE English ver. - photocard list/2nd fanclub,IMG_0584.JPG,1772,1772,1100
IVE English ver. - photocard list-20260927T144026Z-1-001/IVE English ver. - photocard list/2nd fanclub,IMG_0596.JPG,1772,1772,1155
IVE English ver. - photocard list-20260927T144026Z-1-001/IVE English ver. - photocard list/2nd fanclub,IMG_0600.JPG,1772,1772,972
IVE English ver. - photocard list-20260927T144026Z-1-001/IVE English ver. - photocard list/I_VE MINE,01.JPG,1980,2640,3013
IVE English ver. - photocard list-20260927T144026Z-1-001/IVE English ver. - photocard list/I_VE MINE,02.JPG,1980,2640,3083
IVE English ver. - photocard list-20260927T144026Z-1-001/IVE English ver. - photocard list/I_VE MINE,04(1).JPG,1980,2640,2984
IVE English ver. - photocard list-20260927T144026Z-1-001/IVE English ver. - photocard list/I_VE MINE,04.JPG,1980,2640,2994
IVE English ver. - photocard list-20260927T144026Z-1-001/IVE English ver. - photocard list/I_VE MINE,05.JPG,1980,2640,3131
IVE English ver. - photocard list-20260927T144026Z-1-001/IVE English ver. - photocard list/I_VE MINE,06.JPG,1980,2640,3082
IVE English ver. - photocard list-20260927T144026Z-1-001/IVE English ver. - photocard list/I_VE MINE,08-album pc.JPG,1736,2315,1817
IVE English ver. - photocard list-20260927T144026Z-1-001/IVE English ver. - photocard list/I_VE MINE,09-3pb.JPG,1736,2598,2002
IVE English ver. - photocard list-20260927T144026Z-1-001/IVE English ver. - photocard list/I_VE MINE,10-lovedive.JPG,1736,1736,898
IVE English ver. - photocard list-20260927T144026Z-1-001/IVE English ver. - photocard list/I_VE MINE,11-digipack.JPG,1736,1736,1019
IVE English ver. - photocard list-20260927T144026Z-1-001/IVE English ver. - photocard list/I_VE MINE,13-broadcast1.JPG,1890,1890,1391
IVE English ver. - photocard list-20260927T144026Z-1-001/IVE English ver. - photocard list/I_VE MINE,14-broadcast2.JPG,1890,1890,1320
IVE English ver. - photocard list-20260927T144026Z-1-001/IVE English ver. - photocard list/I_VE MINE,15-broadcast.JPG,1890,1890,1243
IVE English ver. - photocard list-20260927T144026Z-1-001/IVE English ver. - photocard list/I_VE MINE,16-digipackssq.JPG,1890,1890,1167
IVE English ver. - photocard list-20260927T144026Z-1-001/IVE English ver. - photocard list/I_VE MINE,17-6+3.JPG,1890,2519,1655
IVE English ver. - photocard list-20260927T144026Z-1-001/IVE English ver. - photocard list/I_VE MINE,18-pb4.JPG,1890,1890,1041
IVE English ver. - photocard list-20260927T144026Z-1-001/IVE English ver. - photocard list/I_VE MINE,19-lovedive ssq.JPG,1890,1890,1254
IVE English ver. - photocard list-20260927T144026Z-1-001/IVE English ver. - photocard list/I_VE MINE,20-pbssq.JPG,1890,1890,1045
IVE English ver. - photocard list-20260927T144026Z-1-001/IVE English ver. - photocard list/I_VE MINE,21-k41.JPG,1890,1890,1171
IVE English ver. - photocard list-20260927T144026Z-1-001/IVE English ver. - photocard list/I_VE MINE,22-namil1.JPG,1890,1890,1107
IVE English ver. - photocard list-20260927T144026Z-1-001/IVE English ver. - photocard list/I_VE MINE,23-sw1.JPG,1890,1890,1211
IVE English ver. - photocard list-20260927T144026Z-1-001/IVE English ver. - photocard list/I_VE MINE,24-wm1.JPG,1890,1890,1127
IVE English ver. - photocard list-20260927T144026Z-1-001/IVE English ver. - photocard list/I_VE MINE,25-kakao.JPG,1890,1890,1340
IVE English ver. - photocard list-20260927T144026Z-1-001/IVE English ver. - photocard list/I_VE MINE,26-idou2.JPG,1890,1890,1180
IVE English ver. - photocard list-20260927T144026Z-1-001/IVE English ver. - photocard list/I_VE MINE,26-idoustage.JPG,1890,1890,1038
IVE English ver. - photocard list-20260927T144026Z-1-001/IVE English ver. - photocard list/I_VE MINE,27-kms1.JPG,1890,1890,1218
IVE English ver. - photocard list-20260927T144026Z-1-001/IVE English ver. - photocard list/I_VE MINE,28-mmt.JPG,1890,1890,1131
IVE English ver. - photocard list-20260927T144026Z-1-001/IVE English ver. - photocard list/I_VE MINE,29-towerrecord.JPG,1890,1890,1114
IVE English ver. - photocard list-20260927T144026Z-1-001/IVE English ver. - photocard list/I_VE MINE,30-am.JPG,1890,1890,1145
IVE English ver. - photocard list-20260927T144026Z-1-001/IVE English ver. - photocard list/I_VE MINE,31-namil2.JPG,1890,1890,1169
IVE English ver. - photocard list-20260927T144026Z-1-001/IVE English ver. - photocard list/I_VE MINE,32-k42.jpg,1890,1890,1045
IVE English ver. - photocard list-20260927T144026Z-1-001/IVE English ver. - photocard list/I_VE MINE,33-br.JPG,1890,1890,1133
IVE English ver. - photocard list-20260927T144026Z-1-001/IVE English ver. - photocard list/I_VE MINE,34-sw2.JPG,1890,1890,1153
IVE English ver. - photocard list-20260927T144026Z-1-001/IVE English ver. - photocard list/I_VE MINE,35-wm2.JPG,1890,1890,1116
IVE English ver. - photocard list-20260927T144026Z-1-001/IVE English ver. - photocard list/I_VE MINE,36-wm3.JPG,1890,1890,1185
IVE English ver. - photocard list-20260927T144026Z-1-001/IVE English ver. - photocard list/I_VE MINE,37-kms2.JPG,1890,1890,1113
IVE English ver. - photocard list-20260927T144026Z-1-001/IVE English ver. - photocard list/I_VE MINE,38-sw3.JPG,1890,1890,1089
IVE English ver. - photocard list-20260927T144026Z-1-001/IVE English ver. - photocard list/I_VE MINE,39-taiwan.JPG,1890,1890,1211
IVE English ver. - photocard list-20260927T144026Z-1-001/IVE English ver. - photocard list/I_VE MINE,40-sw4.JPG,1890,1890,1353
IVE English ver. - photocard list-20260927T144026Z-1-001/IVE English ver. - photocard list/I_VE MINE,41-ms.JPG,1890,1890,1085
IVE English ver. - photocard list-20260927T144026Z-1-001/IVE English ver. - photocard list/I_VE MINE,42-am2.JPG,1890,1890,1215
IVE English ver. - photocard list-20260927T144026Z-1-001/IVE English ver. - photocard list/I_VE MINE,43-us.JPG,1890,1890,1116
IVE English ver. - photocard list-20260927T144026Z-1-001/IVE English ver. - photocard list/I_VE MINE,45-kms3.JPG,1890,1890,1228
IVE English ver. - photocard list-20260927T144026Z-1-001/IVE English ver. - photocard list/I_VE MINE,46-wm4.JPG,1890,1890,1175
IVE English ver. - photocard list-20260927T144026Z-1-001/IVE English ver. - photocard list/I_VE MINE,47-musicart.JPG,1890,2362,1359
IVE English ver. - photocard list-20260927T144026Z-1-001/IVE English ver. - photocard list/I_VE MINE,48-hottracks.JPG,1890,2362,1243
IVE English ver. - photocard list-20260927T144026Z-1-001/IVE English ver. - photocard list/I_VE MINE,49-mmt2.JPG,1890,1890,1043
IVE English ver. - photocard list-20260927T144026Z-1-001/IVE English ver. - photocard list/I_VE MINE,50-sw5.JPG,1890,1890,1148
IVE English ver. - photocard list-20260927T144026Z-1-001/IVE English ver. - photocard list/I_VE MINE,51-namil3.JPG,1890,1890,1081
IVE English ver. - photocard list-20260927T144026Z-1-001/IVE English ver. - photocard list/I_VE MINE,53-jp day2.JPG,1890,1890,1259
IVE English ver. - photocard list-20260927T144026Z-1-001/IVE English ver. - photocard list/I_VE MINE,54-hitouch.JPG,1890,1890,1186
IVE English ver. - photocard list-20260927T144026Z-1-001/IVE English ver. - photocard list/I_VE MINE,55-towerrecord2.JPG,1890,1890,1167
IVE English ver. - photocard list-20260927T144026Z-1-001/IVE English ver. - photocard list/I_VE MINE,56-sw6.JPG,1890,1890,1089
IVE English ver. - photocard list-20260927T144026Z-1-001/IVE English ver. - photocard list/I_VE MINE,57-ms2.JPG,1890,1890,1081
IVE English ver. - photocard list-20260927T144026Z-1-001/IVE English ver. - photocard list/I_VE MINE,58-wm5.JPG,1890,1890,1163
IVE English ver. - photocard list-20260927T144026Z-1-001/IVE English ver. - photocard list/I_VE MINE,59-1-wm6.JPG,1890,1890,1321
IVE English ver. - photocard list-20260927T144026Z-1-001/IVE English ver. - photocard list/I_VE MINE,59-2-wm6(1).JPG,1890,1890,1102
IVE English ver. - photocard list-20260927T144026Z-1-001/IVE English ver. - photocard list/I_VE MINE,59-2-wm6.JPG,1890,1890,1019
IVE English ver. - photocard list-20260927T144026Z-1-001/IVE English ver. - photocard list/I_VE MINE,60-busan.JPG,1890,1890,1164
IVE English ver. - photocard list-20260927T144026Z-1-001/IVE English ver. - photocard list/I_VE MINE,61-daegu.JPG,1890,1890,1197
IVE English ver. - photocard list-20260927T144026Z-1-001/IVE English ver. - photocard list/I_VE MINE,62-gwangju.JPG,1890,1890,1291
IVE English ver. - photocard list-20260927T144026Z-1-001/IVE English ver. - photocard list/I_VE MINE,63-daejeon.JPG,1890,1890,1136
IVE English ver. - photocard list-20260927T144026Z-1-001/IVE English ver. - photocard list/I_VE MINE,64-sw11Xmas.JPG,1890,1890,1211
IVE English ver. - photocard list-20260927T144026Z-1-001/IVE English ver. - photocard list/I_VE MINE,65-yzy1.JPG,1890,1890,1200
IVE English ver. - photocard list-20260927T144026Z-1-001/IVE English ver. - photocard list/I_VE MINE,66-kms4.JPG,1890,1890,584
IVE English ver. - photocard list-20260927T144026Z-1-001/IVE English ver. - photocard list/I_VE MINE,67-Thailand.JPG,1890,1890,1211
IVE English ver. - photocard list-20260927T144026Z-1-001/IVE English ver. - photocard list/I_VE MINE,68-mmt3.JPG,1890,1890,562
IVE English ver. - photocard list-20260927T144026Z-1-001/IVE English ver. - photocard list/I_VE MINE,69-yzy2.JPG,1890,1890,679
IVE English ver. - photocard list-20260927T144026Z-1-001/IVE English ver. - photocard list/I_VE MINE,IMG_8248.JPG,5443,7795,18892
IVE English ver. - photocard list-20260927T144026Z-1-001/IVE English ver. - photocard list/world tour,01-gaeul.JPG,1980,2640,2507
IVE English ver. - photocard list-20260927T144026Z-1-001/IVE English ver. - photocard list/world tour,02-yujin.JPG,1980,2640,2534
IVE English ver. - photocard list-20260927T144026Z-1-001/IVE English ver. - photocard list/world tour,03-rei.JPG,1980,2640,2655
IVE English ver. - photocard list-20260927T144026Z-1-001/IVE English ver. - photocard list/world tour,04-wonyoung.JPG,1980,2640,2589
IVE English ver. - photocard list-20260927T144026Z-1-001/IVE English ver. - photocard list/world tour,05-liz.JPG,1980,2640,2462
IVE English ver. - photocard list-20260927T144026Z-1-001/IVE English ver. - photocard list/world tour,06-leeseo.JPG,1980,2640,2557
IVE English ver. - photocard list-20260927T144026Z-1-001/IVE English ver. - photocard list/world tour,07-all.JPG,3189,4252,6998
IVE English ver. - photocard list-20260927T144026Z-1-001/IVE English ver. - photocard list/world tour,08-random pc.JPG,2646,2646,3224
IVE English ver. - photocard list-20260927T144026Z-1-001/IVE English ver. - photocard list/world tour,09-japan random.JPG,1890,1890,1393
IVE English ver. - photocard list-20260927T144026Z-1-001/IVE English ver. - photocard list/world tour,10-md pc.JPG,1840,1840,1741
IVE English ver. - photocard list-20260927T144026Z-1-001/IVE English ver. - photocard list/world tour,11-photo kit.JPG,1890,1890,1400
IVE English ver. - photocard list-20260927T144026Z-1-001/IVE English ver. - photocard list/world tour,12-photo kit.JPG,1890,1890,1697
IVE English ver. - photocard list-20260927T144026Z-1-001/IVE English ver. - photocard list/world tour,13-poca binder.JPG,1890,1890,1256
IVE English ver. - photocard list-20260927T144026Z-1-001/IVE English ver. - photocard list/world tour,14-poca holder.JPG,1890,1890,1271
IVE English ver. - photocard list-20260927T144026Z-1-001/IVE English ver. - photocard list/world tour,15-cross bag.JPG,1890,1890,1345
IVE English ver. - photocard list-20260927T144026Z-1-001/IVE English ver. - photocard list/world tour,16-necklace.JPG,1890,1890,1209
IVE English ver. - photocard list-20260927T144026Z-1-001/IVE English ver. - photocard list/world tour,17-postcard.JPG,1890,1890,1551
IVE English ver. - photocard list-20260927T144026Z-1-001/IVE English ver. - photocard list/world tour,18-2nd fanclub.JPG,1890,1890,1559
IVE English ver. - photocard list-20260927T144026Z-1-001/IVE English ver. - photocard list/world tour,19-2nd fanclub1.JPG,1890,1890,1521
IVE English ver. - photocard list-20260927T144026Z-1-001/IVE English ver. - photocard list/world tour,20-2nd fanclub2.JPG,1890,1890,1436
IVE English ver. - photocard list-20260927T144026Z-1-001/IVE English ver. - photocard list/world tour,21-superstar starship.JPG,1701,3024,2542
IVE English ver. - photocard list-20260927T144026Z-1-001/IVE English ver. - photocard list/world tour,22-phone tab.JPG,1890,1890,1168
IVE English ver. - photocard list-20260927T144026Z-1-001/IVE English ver. - photocard list/world tour,23-phone tab pc.JPG,1890,1890,1256
